Species,Assembly,Clade,Extended_lineage,total_paths,total_gaps,total_telomeres,total_its_blocks,total_canonical_matches,total_windows_analyzed,mean_length,median_length,min_length,max_length,two_telomeres,one_telomere,zero_telomeres,t2t,gapped_t2t,missassembled,gapped_missassembled,incomplete,gapped_incomplete,no_telomeres,gapped_no_telomeres,discordant,gapped_discordant
Podarcis vaucheri,GCA_965113315.1,reptiles,Lepidosauria,21,944,35,3222,2519193,3172830,41546.6,40619,1883,99995,10,1,1,0,6,0,4,0,1,1,1,0,8
Sminthopsis crassicaudata,GCA_048593235.1,mammals,Mammals,7,1908,5,719,1466129,6478377,64892.6,39017,1134,172748,2,1,0,0,1,0,1,0,1,0,4,0,0
Podocnemis expansa,GCA_045364815.1,reptiles,Turtles,14,211,14,831,1495247,4897596,48914.9,30561,5256,99998,4,4,1,0,4,0,0,0,4,1,4,0,1
Megaderma spasma,GCA_043880595.1,mammals,Mammals,20,668,1,630,885938,4067817,23944,23944,23944,23944,0,1,0,0,0,0,0,0,1,0,19,0,0
Mantella aurantiaca,GCA_048565345.1,amphibians,Amphibians,14,3857,1,2636,1229669,6303469,23096,23096,23096,23096,0,0,1,0,0,0,0,0,0,1,12,0,1
Monodelphis domestica,GCF_027887165.1,mammals,Mammals,10,2252,9,1768,1802490,7105058,17826.4,21991,699,27077,3,3,0,0,3,0,0,0,3,0,4,0,0
Hemiscyllium ocellatum,GCF_020745735.1,sharks,Cartilaginous fishes,54,2031,58,2669,1603787,7047009,20979.3,21104,508,50749,13,34,0,0,11,0,2,0,34,0,7,0,0
Macaca fascicularis,GCF_037993035.1,primates,Mammals,21,0,42,415,1185169,6085820,20206.3,20184,19998,20538,21,0,0,21,0,0,0,0,0,0,0,0,0
Melopsittacus undulatus,GCF_012275295.1,birds,Birds,32,225,8,503,486906,2207835,23418.8,20027,1205,58031,1,5,2,0,0,0,1,1,4,2,22,0,2
Rhinogobio nasutus,GCA_048301585.1,fish,Ray-finned fishes,25,2,46,5794,842624,1901365,21500.7,19438,1315,60985,25,0,0,19,1,4,1,0,0,0,0,0,0
Carcharodon carcharias,GCF_017639515.1,sharks,Cartilaginous fishes,43,2098,32,4219,1770711,8107282,21404.5,19348,704,69986,7,14,1,0,5,0,2,0,14,1,17,0,4
Buteo buteo,GCA_964188355.1,birds,Birds,35,469,34,185,630585,2466152,28877.4,18418,1583,100002,7,17,2,0,7,0,0,0,17,2,7,0,2
Glossophaga mutica,GCA_039655065.1,mammals,Mammals,17,47,8,429,851939,4313257,17829.2,18004,13579,23841,1,6,2,0,1,0,0,1,5,2,8,0,0
Gastrophryne carolinensis,GCA_027917425.1,amphibians,Amphibians,11,1717,8,17264,2145318,8499052,14863.5,17786,2211,24583,1,7,0,0,0,0,1,0,7,0,3,0,0
Ovis canadensis,GCF_042477335.2,mammals,Mammals,29,3,56,655,1127382,5945017,17823.4,17750,3677,29380,28,0,1,25,3,0,0,0,0,1,0,0,0
Protomyctophum bolini,GCA_963924005.1,fish,Ray-finned fishes,25,1757,2,1935,351236,2173277,17709,17709,12330,23088,0,2,1,0,0,0,0,0,2,1,22,0,0
Delphinus delphis,GCF_949987515.2,mammals,Mammals,23,968,6,760,1546697,4727847,16299.7,17520,6430,25747,0,6,0,0,0,0,0,0,6,0,17,0,0
Mustela erminea,GCF_009829155.1,mammals,Mammals,24,180,10,340,1028438,4840191,17490.9,17376,1026,25974,1,8,1,0,1,0,0,0,8,1,14,0,0
Arvicanthis niloticus,GCA_011762505.3,mammals,Mammals,33,1259,30,592,1018596,4719604,16282.5,16415,7240,21507,1,29,1,0,0,0,1,0,29,1,2,0,0
Rhinolophus affinis,GCA_043728065.1,mammals,Mammals,32,36,41,662,1841894,4207642,41945.8,16316,2997,100004,12,14,2,6,6,0,0,7,7,2,1,0,3
Pristiophorus japonicus,GCF_044704955.1,sharks,Cartilaginous fishes,36,5538,20,5443,2025985,10414979,41781.3,16089,760,100004,6,4,2,0,3,0,3,0,4,2,20,0,4
Desmodus rotundus,GCA_022682495.2,mammals,Mammals,15,601,9,2424,908695,4081492,15337.8,15944,3681,30830,2,5,0,0,2,0,0,0,5,0,8,0,0
Tachyglossus aculeatus,GCF_015852505.1,mammals,Mammals,36,223,34,1124,747539,4024641,14603.5,15816,1616,27535,9,19,2,0,6,0,3,1,18,2,6,0,0
Microtus pennsylvanicus,GCA_037038515.1,mammals,Mammals,25,60,41,1067,1083865,4646020,14480.2,15681,1617,24602,18,6,1,3,14,0,1,0,6,1,0,0,0
Gopherus flavomarginatus,GCF_025201925.1,reptiles,Turtles,25,1542,19,2790,1171956,4581693,18916.3,15500,1993,62361,6,8,0,0,4,0,2,0,8,0,11,0,0
Sus scrofa,GCA_048338725.1,mammals,Mammals,20,0,40,779,1508676,5266323,15130.3,15012,3902,29435,20,0,0,20,0,0,0,0,0,0,0,0,0
Caretta caretta,GCA_965140235.1,reptiles,Turtles,28,61,52,720,1107588,4428598,14927.2,14644,3156,30233,24,4,0,5,19,0,0,2,2,0,0,0,0
Molossus alvarezi,GCA_037157525.1,mammals,Mammals,25,79,32,450,986446,4808465,15254.5,14588,5092,25845,10,12,1,0,10,0,0,4,8,1,2,0,0
Emys orbicularis,GCF_028017835.1,reptiles,Turtles,25,130,34,1120,1128946,4585409,16672,14588,2487,46176,12,10,2,1,9,0,2,1,9,2,1,0,0
Tiliqua scincoides,GCA_035046505.1,reptiles,Lepidosauria,16,363,25,429,655823,3213795,13276.1,14569,1400,27104,12,3,0,0,9,0,3,0,3,0,1,0,0
Molossus nigricans,GCA_039880945.1,mammals,Mammals,26,113,36,471,1003697,4919348,14607.8,14557,4463,23790,12,12,1,1,11,0,0,0,12,1,1,0,0
Eptesicus fuscus,GCF_027574615.1,mammals,Mammals,25,70,25,21040,1133149,4008237,13774.5,14270,1125,21995,0,25,0,0,0,0,0,3,22,0,0,0,0
Megaptera novaeangliae,GCA_041834305.1,mammals,Mammals,23,87,15,28990,1454375,4956292,13154.7,14206,3727,22605,0,15,0,0,0,0,0,1,14,0,8,0,0
Trichechus inunguis,GCA_046562895.1,mammals,Mammals,29,294,41,805,1367704,6473884,14453.6,14171,1733,26455,14,14,0,0,13,0,1,0,14,0,1,0,0
Dasyurus maculatus,GCA_048593285.1,mammals,Mammals,6,151,6,776,1372741,6084509,14769.2,14048,6761,23264,1,4,0,0,1,0,0,0,4,0,1,0,0
Furcifer pardalis,GCA_030440675.1,reptiles,Lepidosauria,11,12,20,503,622853,3219519,13156.6,14031,5372,18575,10,0,0,2,8,0,0,0,0,0,1,0,0
Balaenoptera ricei,GCF_028023285.1,mammals,Mammals,22,327,14,9556,1208774,5064034,12425.1,13936,1647,19626,1,13,0,0,0,0,1,0,13,0,8,0,0
Falco biarmicus,GCF_023638135.1,birds,Birds,24,147,9,297,431774,2395892,14487.9,13746,592,39997,0,9,4,0,0,0,0,0,9,4,11,0,0
Mops condylurus,GCA_043748645.1,mammals,Mammals,24,82,39,682,1412791,4402552,14857.2,13683,2839,31810,17,7,0,1,13,0,3,2,5,0,0,0,0
Pelodytes ibericus,GCA_036172795.1,amphibians,Amphibians,13,262,23,19784,1029431,4044588,13595.3,13652,1071,25538,11,0,1,0,9,0,2,0,0,1,0,0,1
Carettochelys insculpta,GCA_033958435.1,reptiles,Turtles,34,12,56,279,922824,4342565,14229.5,13616,843,27252,23,11,0,16,5,0,2,10,1,0,0,0,0
Malaclemys terrapin pileata,GCF_027887155.1,reptiles,Turtles,25,136,38,831,1072081,4405998,12629,13340,1777,23321,16,8,0,1,13,0,2,1,7,0,1,0,0
Vipera latastei,GCA_024294585.1,reptiles,Lepidosauria,18,764,31,706,679873,3232979,13959.8,13270,2386,38668,14,3,0,0,14,0,0,0,3,0,1,0,0
Eubalaena glacialis,GCF_028564815.1,mammals,Mammals,23,354,13,8932,1459896,5313491,12547.9,13164,2834,19096,0,13,1,0,0,0,0,0,13,1,9,0,0
Heterohyrax brucei,GCA_028571685.1,mammals,Mammals,28,276,43,2452,1560589,6970603,13997.8,13155,1838,29702,15,9,0,0,15,0,0,0,9,0,2,0,2
Tadarida brasiliensis,GCA_030848825.1,mammals,Mammals,26,20,40,509,936679,4495200,11575.7,12942,2227,30567,16,8,2,9,7,0,0,3,5,2,0,0,0
Kogia breviceps,GCF_026419965.1,mammals,Mammals,22,133,15,10169,1223194,4949318,19852.8,12922,5541,85273,4,7,2,1,3,0,0,0,7,2,9,0,0
Artibeus intermedius,GCA_038363145.1,mammals,Mammals,17,81,21,540,926052,4520244,13159.1,12909,3969,24065,7,7,0,0,7,0,0,0,7,0,3,0,0
Haliaeetus albicilla,GCF_947461875.1,birds,Birds,35,422,27,292,501024,2546908,15869.9,12860,1105,100003,9,11,1,0,7,0,2,0,11,1,14,0,0
Gavialis gangeticus,GCA_030020295.1,reptiles,Crocodilians,16,118,20,219,1102043,4631866,12401.6,12854,2283,18886,7,6,0,0,6,0,1,2,4,0,3,0,0
Stegostoma tigrinum,GCF_030684315.1,sharks,Cartilaginous fishes,51,1075,25,1807,1307704,5900697,14496.2,12815,603,47790,5,15,0,0,4,0,1,0,15,0,30,0,1
Gallus gallus,GCF_016700215.2,birds,Birds,41,379,18,218,372536,2060072,11186.9,12792,769,17335,2,11,2,0,1,0,1,1,10,2,23,0,3
Dendropsophus ebraccatus,GCF_027789765.1,amphibians,Amphibians,15,728,20,4374,1051966,4156760,14058.8,12753,2030,37801,8,6,0,0,6,0,2,0,6,0,1,0,0
Discoglossus pictus,GCA_027410445.1,amphibians,Amphibians,15,3140,5,26018,2218521,7320874,10650.4,12752,972,17601,3,2,1,0,0,0,3,0,2,1,9,0,0
Camelus dromedarius,GCF_036321535.1,mammals,Mammals,38,195,32,193,873414,4271676,11681.7,12691,542,21734,3,26,0,0,2,0,1,3,23,0,9,0,0
Ovis aries,GCA_040805955.1,mammals,Mammals,28,0,53,624,1074507,5707236,12446.1,12591,5377,21226,26,2,0,25,0,1,0,2,0,0,0,0,0
Heterodontus francisci,GCF_036365525.1,sharks,Cartilaginous fishes,51,2556,30,3005,1704437,9037467,19749,12558,793,88998,6,14,0,0,1,0,5,0,14,0,24,0,7
Tursiops truncatus,GCF_011762595.1,mammals,Mammals,23,594,4,306,983244,4659577,16112,12545,537,38820,1,2,1,0,1,0,0,0,2,1,19,0,0
Mus musculus,GCA_949316315.1,mammals,Mammals,21,101,20,1079,1099022,5333741,11899.2,12457,2196,21660,1,18,1,0,1,0,0,0,18,1,1,0,0
Capra hircus,GCA_041735815.1,mammals,Mammals,31,0,61,1612,1104334,5727832,12262.3,12352,2994,26639,30,1,0,30,0,0,0,1,0,0,0,0,0
Neogale vison,GCA_964106545.1,mammals,Mammals,16,2953,14,5065,1353245,5322582,15102.5,12324,3326,34673,3,8,1,0,3,0,0,0,8,1,4,0,0
Narcine bancroftii,GCF_036971445.1,sharks,Cartilaginous fishes,14,1433,19,2321,940259,6178487,11662.1,12252,1088,21177,5,7,0,0,3,0,2,0,7,0,1,0,1
Bradypodion pumilum,GCA_047715975.1,reptiles,Lepidosauria,17,109,30,987,1103243,4927355,15606.5,12221,5112,39369,13,4,0,0,11,0,2,0,4,0,0,0,0
Cynocephalus volans,GCF_027409185.1,mammals,Mammals,20,116,19,1150,1124606,5471260,11936.6,12194,2279,26570,2,15,0,0,2,0,0,1,14,0,3,0,0
Spea bombifrons,GCF_027358695.1,amphibians,Amphibians,13,102,21,4185,485516,1967316,10981,12040,4254,18521,9,3,0,0,8,0,1,0,3,0,1,0,0
Amazona ochrocephala,GCA_039720435.1,birds,Birds,35,187,15,449,617118,2439825,10735.9,12016,2183,18360,0,15,4,0,0,0,0,6,9,4,16,0,0
Rhynchonycteris naso,GCA_037038545.1,mammals,Mammals,13,68,22,422,1025985,4906979,12010.6,11988,1876,20372,11,0,1,2,9,0,0,0,0,1,1,0,0
Elgaria multicarinata webbii,GCF_023053635.1,reptiles,Lepidosauria,23,73,30,670,942343,3580098,14378.6,11950,1311,32933,11,10,0,2,7,0,2,4,6,0,2,0,0
Lepidochelys kempii,GCA_965140285.1,reptiles,Turtles,28,217,38,671,1113569,4417494,13180.4,11942,2409,29605,13,13,0,1,11,0,1,1,12,0,2,0,0
Tapirus indicus,GCA_031878705.1,mammals,Mammals,27,92,30,305,1055037,4874893,11531.5,11924,1831,20093,9,12,1,0,9,0,0,5,7,1,5,0,0
Leptodactylus fuscus,GCA_031893055.1,amphibians,Amphibians,12,918,7,2989,863552,4090749,11421.9,11911,4695,16576,2,3,1,0,1,0,1,0,3,1,6,0,0
Symphalangus syndactylus,GCF_028878055.3,primates,Mammals,27,2,52,610,1224463,6523795,11936.3,11855,7055,18888,26,0,0,25,1,0,0,0,0,0,1,0,0
Bucephala clangula,GCA_964059595.1,birds,Birds,41,448,42,715,542744,2263585,13820.1,11806,944,71923,12,19,2,0,10,0,2,2,17,2,8,0,0
Eretmochelys imbricata,GCA_965152235.1,reptiles,Turtles,29,125,44,1019,1065125,4411153,12487.5,11794,1339,26823,17,11,1,2,14,0,1,5,6,1,0,0,0
Artibeus lituratus,GCA_038363095.2,mammals,Mammals,18,45,19,547,906924,4516845,11675.6,11788,4629,20661,6,7,2,1,5,0,0,0,7,2,3,0,0
Dama dama,GCA_048126745.1,mammals,Mammals,35,82,26,348,960126,5069055,14250.5,11747,4371,50610,1,24,2,0,1,0,0,5,19,2,8,0,0
Macrochelys suwanniensis,GCA_033349115.1,reptiles,Turtles,26,350,18,428,910822,3800434,12336.3,11724,3292,21813,3,12,0,0,3,0,0,0,12,0,11,0,0
Pongo pygmaeus,GCF_028885625.2,primates,Mammals,26,8,47,642,1210216,6425885,11859.9,11722,3555,22425,22,3,1,15,7,0,0,2,1,1,0,0,0
Protomyctophum parallelum,GCA_964188405.1,fish,Ray-finned fishes,24,2729,11,2584,444359,2468190,11628.4,11717,684,18766,1,9,1,0,0,0,1,0,9,1,12,0,1
Astyanax mexicanus,GCF_023375975.1,fish,Ray-finned fishes,25,11,41,3153,533591,2642948,9720.8,11686,673,15821,11,3,2,9,2,0,0,1,2,2,1,4,4
Elephas maximus indicus,GCF_024166365.1,mammals,Mammals,29,125,28,3609,3164923,6731834,11811.3,11599,1766,22885,6,17,0,0,5,0,1,0,17,0,6,0,0
Loxodonta africana,GCF_030014295.1,mammals,Mammals,29,160,27,1321,2048505,6551211,10399.6,11587,2477,17098,6,15,0,0,6,0,0,1,14,0,8,0,0
Dugong dugon,GCA_030035585.1,mammals,Mammals,24,95,37,740,1326580,6288576,12761.3,11529,3129,39198,16,8,0,0,13,0,3,0,8,0,0,0,0
Dasypus novemcinctus,GCF_030445035.2,mammals,Mammals,34,752,28,661,1692180,6979749,11080.3,11529,3028,14925,6,17,1,0,5,0,1,0,17,1,10,0,0
Lycaon pictus,GCA_040955705.1,mammals,Mammals,39,90,52,1262,1151554,4737181,12810.5,11414,2413,99999,18,16,2,3,15,0,0,3,13,2,3,0,0
Pelophylax lessonae,GCA_965119305.1,amphibians,Amphibians,14,3011,12,15408,3479161,11418585,16507.8,11284,3049,49083,3,2,1,0,2,0,1,0,2,1,5,0,3
Falco peregrinus,GCF_023634155.1,birds,Birds,24,219,20,360,554011,2427319,11396.3,11202,3143,17229,5,10,1,0,4,0,1,0,10,1,8,0,0
Meles meles,GCF_922984935.1,mammals,Mammals,24,99,23,508,1132944,5212030,11924.4,11161,4191,32670,4,15,3,0,4,0,0,3,12,3,2,0,0
Melospiza melodia melodia,GCF_035770615.1,birds,Birds,33,238,37,1393,588641,2689193,10766.3,11147,1383,16680,8,19,2,0,7,0,1,5,14,2,2,0,2
Ara ararauna,GCA_028858755.1,birds,Birds,35,100,37,3051,544927,2392468,11257.1,11128,1290,21378,13,11,5,4,8,0,1,2,9,5,5,0,1
Alligator mississippiensis,GCF_030867095.1,reptiles,Crocodilians,17,153,28,221,1086240,4630202,12060,10985,6568,19921,12,4,1,0,12,0,0,0,4,1,0,0,0
Anomaloglossus baeobatrachus,GCA_048569485.1,amphibians,Amphibians,12,3719,15,6475,2112067,11493687,11979.9,10978,4939,22088,9,3,0,0,2,0,7,0,3,0,0,0,0
Corvus hawaiiensis,GCF_020740725.1,birds,Birds,44,278,31,3182,535763,2259699,16003.2,10912,1361,64658,8,15,5,1,6,0,1,0,15,5,15,0,1
Pseudorca crassidens,GCF_039906515.1,mammals,Mammals,23,95,8,1306,2124328,5002022,11402.8,10856,3273,19073,0,7,1,0,0,0,0,1,6,1,14,0,1
Hippopotamus amphibius kiboko,GCF_030028045.1,mammals,Mammals,19,226,31,322,1007049,5010504,10217.8,10844,1896,19099,14,4,1,0,13,0,1,0,4,1,0,0,0
Falco naumanni,GCF_017639655.2,birds,Birds,28,267,1,210,406154,2391329,10823,10823,10823,10823,0,1,3,0,0,0,0,0,1,3,24,0,0
Pangshura tecta,GCA_045781085.1,reptiles,Turtles,26,236,32,916,1026051,4234587,12215.9,10808,588,34703,10,13,1,0,9,0,1,0,13,1,2,0,0
Macaca nemestrina,GCF_043159975.1,mammals,Mammals,22,252,26,416,1081053,6121063,9804.08,10768,2056,16971,4,15,0,0,3,0,1,0,15,0,1,0,2
Euleptes europaea,GCF_029931775.1,reptiles,Lepidosauria,21,153,30,663,963837,3496699,14317.8,10693,505,44763,8,4,0,0,5,0,3,0,4,0,2,0,7
Mustela lutreola,GCF_030435805.1,mammals,Mammals,20,39,31,5640,1227022,5163981,11949.2,10637,915,29051,12,7,1,1,11,0,0,2,5,1,0,0,0
Taeniopygia guttata,GCA_048771995.1,birds,Birds,42,9,82,2055,578790,2281678,12050,10565,3197,30340,41,0,1,38,3,0,0,0,0,1,0,0,0
Vespertilio murinus,GCA_963924515.1,mammals,Mammals,21,973,23,7304,942318,3760284,9945,10515,1800,17108,6,11,1,0,6,0,0,0,11,1,3,0,0
Mesoplodon densirostris,GCF_025265405.1,mammals,Mammals,23,86,5,9892,1382254,5119739,9403.4,10509,3794,16021,0,5,2,0,0,0,0,2,3,2,16,0,0
Nycticebus coucang,GCF_027406575.1,primates,Mammals,26,197,39,588,1216316,5775045,10556.5,10443,596,28266,14,11,0,0,14,0,0,1,10,0,1,0,0
Columba livia,GCF_036013475.1,birds,Birds,41,224,31,464,469318,2311206,10318.4,10402,3208,19382,5,23,5,0,2,1,2,7,16,5,8,0,0
Anolis sagrei,GCF_037176765.1,reptiles,Lepidosauria,15,191,25,2968,798746,3898561,10823.3,10362,543,22032,11,3,0,0,11,0,0,0,3,0,1,0,0
Labrus mixtus,GCF_963584025.1,fish,Ray-finned fishes,24,556,13,324,209500,1395192,9333.54,10267,668,13904,1,11,0,0,1,0,0,0,11,0,12,0,0
Pongo abelii,GCF_028885655.2,primates,Mammals,26,11,50,695,1199884,6502058,9834.02,10099,3412,15283,25,0,1,15,10,0,0,0,0,1,0,0,0
Lathamus discolor,GCF_037157495.1,birds,Birds,26,162,16,3291,560059,2389960,9411.88,10039,1454,20659,2,14,3,0,0,0,2,4,10,3,7,0,0
Ranitomeya imitator,GCF_032444005.1,amphibians,Amphibians,10,752,16,128064,4530022,11434025,11927.9,9942,555,34365,7,2,0,0,5,0,2,0,2,0,0,0,1
Nesoenas mayeri,GCA_963082525.1,birds,Birds,41,493,39,765,520296,2328398,10882.3,9916,4028,20965,9,21,1,2,7,0,0,1,20,1,10,0,0
Inia geoffrensis,GCA_036417435.1,mammals,Mammals,24,284,16,8800,2559492,5173322,10622.1,9886,3261,26318,1,14,1,0,1,0,0,0,14,1,8,0,0
Mixophyes fleayi,GCA_038048845.1,amphibians,Amphibians,12,1394,9,2664,1169671,5525566,9155.11,9872,723,16530,1,6,0,0,0,0,1,0,6,0,4,0,1
Symphorus nematophorus,GCA_048128725.1,fish,Ray-finned fishes,24,67,24,235,332873,2140816,9726.46,9865,3620,17906,5,14,1,0,5,0,0,0,14,1,4,0,0
Mergus octosetaceus,GCA_036873955.1,birds,Birds,37,319,15,12210,747935,2365157,10257.3,9792,618,21039,4,8,8,0,2,0,2,1,7,8,16,0,1
Agelaius phoeniceus,GCF_020745825.1,birds,Birds,38,74,26,985,426161,2174543,8193.35,9712,623,17668,4,19,7,3,0,0,1,8,11,7,8,0,0
Neofelis nebulosa,GCF_028018385.1,mammals,Mammals,20,181,22,667,1020590,4927466,10623.7,9699,2127,22408,6,11,1,0,5,0,1,0,11,1,2,0,0
Rhinopoma microphyllum,GCA_043880545.1,mammals,Mammals,21,142,25,518,1195100,4928667,8842.04,9690,1952,15210,6,13,0,0,6,0,0,4,9,0,2,0,0
Cristiceps australis,GCA_049082185.1,fish,Ray-finned fishes,24,1146,30,1328,322944,1158505,11458.1,9566,522,99973,13,6,0,0,4,0,9,0,6,0,1,0,4
Clavelina lepadiformis,GCA_947623445.1,otherChordates,Other Deuterostomes,10,56,15,31,69698,414385,9026.8,9543,4076,13312,6,3,1,0,6,0,0,0,3,1,0,0,0
Pan paniscus,GCF_029289425.2,primates,Mammals,26,6,50,931,1214463,6478962,9810.46,9542,6083,14164,25,0,1,20,5,0,0,0,0,1,0,0,0
Passer domesticus,GCF_036417665.1,birds,Birds,40,192,32,528,457687,2533505,10440.3,9538,1084,21274,4,23,2,0,3,0,1,2,21,2,10,0,1
Raja brachyura,GCA_963514005.1,sharks,Cartilaginous fishes,50,2251,30,4857,890604,5161770,9649.5,9507,770,27476,10,11,1,0,5,0,5,0,11,1,26,0,2
Pelobates fuscus,GCF_036172605.1,amphibians,Amphibians,13,348,19,21096,1771653,7175251,10734.8,9504,2249,21129,6,7,0,0,6,0,0,0,7,0,0,0,0
Rhineura floridana,GCF_030035675.1,reptiles,Lepidosauria,22,241,37,300,990068,4593122,8547.11,9466,571,26468,18,2,0,0,17,0,1,0,2,0,2,0,0
Hydrolagus colliei,GCA_035084275.1,sharks,Cartilaginous fishes,40,1902,23,1107,349306,1882339,8931.13,9408,823,13433,11,12,0,0,0,0,11,0,12,0,17,0,0
Acridotheres tristis,GCA_027559615.1,birds,Birds,39,410,16,1625,577888,2157872,8869.75,9394,1770,15878,2,13,2,0,1,0,1,0,13,2,22,0,0
Gymnoscopelus microlampas,GCA_963454915.1,fish,Ray-finned fishes,25,1384,11,2117,479041,2576775,10683.5,9389,5543,23690,0,11,1,0,0,0,0,0,11,1,13,0,0
Peromyscus maniculatus sonoriensis,GCA_026229955.1,mammals,Mammals,1838,244,51,895,1128848,5694396,9291.37,9384,561,20648,2,48,1727,0,1,1,0,28,20,1727,61,0,0
Squalius cephalus,GCA_949319135.1,fish,Ray-finned fishes,26,588,28,1876,405561,2177891,8565.46,9304,650,14023,9,11,1,0,8,0,1,0,11,1,5,0,0
Gadus morhua,GCF_902167405.1,fish,Ray-finned fishes,24,1183,14,2258,275953,1259124,8395.93,9279,556,14482,3,8,1,0,1,0,2,0,8,1,11,0,1
Cnephaeus nilssonii,GCA_951640355.1,mammals,Mammals,27,1420,27,26783,1170550,4075332,8355.74,9274,548,17878,7,11,1,0,6,0,1,0,11,1,6,0,2
Thomomys bottae,GCA_031878675.1,mammals,Mammals,41,570,42,505,969979,3692194,11153,9258,912,48363,9,23,2,0,8,0,1,0,23,2,6,0,1
Zonotrichia albicollis,GCA_047830755.1,birds,Birds,43,222,62,1132,539709,2466098,10398.9,9238,4901,22543,24,15,1,3,19,0,2,3,12,1,3,0,0
Liasis olivaceus,GCA_030867105.1,reptiles,Lepidosauria,17,73,27,4703,704557,2968870,8711.59,9232,898,18338,13,4,0,2,6,0,5,0,4,0,0,0,0
Astur gentilis,GCF_929443795.1,birds,Birds,40,183,37,124,465047,2535144,9451.51,9217,3538,23306,4,29,2,0,3,0,1,5,24,2,5,0,0
Petromyzon marinus,GCA_048934315.1,otherChordates,Cyclostomes,84,660,66,2574,415087,2562171,10465.4,9188,1515,32739,10,56,0,0,0,1,9,3,53,0,18,0,0
Tauraco erythrolophus,GCA_009769465.1,birds,Birds,33,300,1,85,406169,2418846,9186,9186,9186,9186,0,1,1,0,0,0,0,0,1,1,31,0,0
Periophthalmus magnuspinnatus,GCF_009829125.3,fish,Ray-finned fishes,24,686,17,529,219712,1483516,9085.29,9166,675,19472,4,7,0,0,3,0,1,0,7,0,11,0,2
Zootoca vivipara,GCF_963506605.1,reptiles,Lepidosauria,19,683,26,265,654253,2871231,9483.04,9124,694,18321,10,8,0,0,8,0,2,0,8,0,1,0,0
Eleutherodactylus coqui,GCF_035609145.1,amphibians,Amphibians,13,653,16,2980,1467823,6403017,8741.06,9074,3622,15413,5,7,0,0,4,0,1,0,7,0,1,0,0
Apteryx mantelli,GCF_036417845.1,birds,Birds,43,157,38,735,522854,2765252,9907.63,9071,3526,19243,8,23,1,2,5,0,1,4,19,1,11,0,0
Centroberyx gerrardi,GCA_048128805.1,fish,Ray-finned fishes,24,656,22,927,271362,1526431,8592.41,9046,3642,11632,2,18,0,0,0,0,2,0,18,0,4,0,0
Gorilla gorilla gorilla,GCF_029281585.2,primates,Mammals,26,2,49,1520,1535315,7087685,9012.8,9036,1705,14168,24,1,1,22,2,0,0,1,0,1,0,0,0
Cinclus cinclus,GCF_963662255.1,birds,Birds,39,657,21,401,712310,2197339,11537.9,8996,1878,46311,6,13,0,0,2,0,4,0,13,0,20,0,0
Myotis daubentonii,GCF_963259705.1,mammals,Mammals,23,1099,26,6535,1108250,4201977,9298.46,8974,542,19430,6,12,0,0,5,0,1,0,12,0,4,0,1
Manis pentadactyla,GCF_030020395.1,mammals,Mammals,21,359,22,945,1269716,5400828,9040.45,8919,2251,14584,5,13,0,0,4,0,1,0,13,0,3,0,0
Patagioenas fasciata,GCA_036971685.2,birds,Birds,36,51,35,1246,497119,2262201,9730.09,8906,4765,18050,4,28,3,1,1,0,2,19,9,3,1,0,0
Aspidoscelis tigris stejnegeri,GCA_023333525.2,reptiles,Lepidosauria,24,110,34,33737,1726870,3317054,9707.56,8870,2729,40599,12,11,1,1,9,0,2,1,10,1,0,0,0
Doryrhina cyclops,GCA_043880285.1,mammals,Mammals,19,327,14,5241,1074847,4722825,10042.8,8804,3379,23051,1,12,1,0,1,0,0,0,12,1,5,0,0
Lampetra fluviatilis,GCA_964198595.1,otherChordates,Cyclostomes,83,1730,47,944,300447,1952964,9368.21,8759,629,27905,10,32,2,0,2,0,8,0,32,2,37,0,2
Salminus brasiliensis,GCF_030463535.1,fish,Ray-finned fishes,25,720,32,3097,471602,2103966,8104.16,8746,621,14763,16,5,0,0,10,0,6,0,5,0,4,0,0
Podargus strigoides,GCA_028020825.1,birds,Birds,45,194,26,114,485127,2359409,17212.9,8712,6091,99997,2,19,1,0,0,0,2,4,15,1,20,0,3
Gavia stellata,GCF_030936135.1,birds,Birds,44,240,21,99,432834,2433481,8539.1,8688,2304,14172,2,17,1,0,2,0,0,1,16,1,24,0,0
Abramis brama,GCA_963993115.1,fish,Ray-finned fishes,26,678,24,2071,388750,2196321,8131.88,8685,759,11355,5,14,1,0,5,0,0,0,14,1,6,0,0
Eschrichtius robustus,GCF_028021215.1,mammals,Mammals,23,279,15,19193,1406349,5283493,9582.6,8649,2121,17596,2,11,1,0,2,0,0,0,11,1,9,0,0
Plecotus auritus,GCA_963455305.1,mammals,Mammals,17,1237,28,29980,1381543,4318149,8540.79,8647,621,17455,9,4,1,0,8,0,1,0,4,1,0,0,3
Cyclura pinguis,GCA_030412105.1,reptiles,Lepidosauria,19,27,21,509,965571,3898676,11233.1,8617,2944,25199,6,9,1,1,4,0,1,3,6,1,3,0,0
Falco cherrug,GCF_023634085.1,birds,Birds,25,210,10,172,420565,2425477,8706.2,8585,2379,17563,0,9,1,0,0,0,0,0,9,1,14,0,1
Psittacula echo,GCA_963264785.1,birds,Birds,36,349,24,2262,491481,2348724,7502.71,8560,510,11076,2,20,1,0,2,0,0,0,20,1,13,0,0
Eublepharis macularius,GCF_028583425.1,reptiles,Lepidosauria,20,62,29,357,857756,4464690,8916.69,8440,699,16660,10,9,0,3,7,0,0,3,6,0,1,0,0
Notothenia rossii,GCA_949606895.1,fish,Ray-finned fishes,13,4105,10,519,310972,1941807,8017.7,8433,536,16397,4,4,1,0,2,0,2,0,4,1,4,0,0
Rutilus rutilus,GCA_951802725.1,fish,Ray-finned fishes,26,470,29,2017,392979,2190216,8085.59,8411,1035,19789,7,15,1,0,7,0,0,0,15,1,3,0,0
Aulostomus maculatus,GCA_048301465.1,fish,Ray-finned fishes,25,178,37,1103,254900,1289292,8893.38,8357,1288,19362,17,6,1,0,14,0,3,0,6,1,1,0,0
Hyperoodon ampullatus,GCA_949752795.1,mammals,Mammals,22,1098,2,5730,1127123,4887881,8349,8349,6496,10202,0,2,1,0,0,0,0,0,2,1,19,0,0
Aythya ferina,GCA_964211825.1,birds,Birds,42,466,53,2246,1052249,2306937,14475.8,8333,797,99998,15,24,1,0,12,0,3,1,23,1,1,0,1
Leptosomus discolor,GCA_034619465.1,birds,Birds,30,254,34,156,448870,2430650,9407.15,8307,3753,41021,10,14,1,0,10,0,0,0,14,1,5,0,0
Gymnoscopelus braueri,GCA_963280865.1,fish,Ray-finned fishes,25,2666,8,1330,423646,2603977,7743.88,8294,608,14226,3,4,1,0,1,0,2,0,4,1,17,0,0
Netta rufina,GCA_964035555.1,birds,Birds,43,713,48,1882,689319,2304224,10255.9,8274,869,98595,14,17,1,0,14,0,0,0,17,1,8,0,3
Muntiacus reevesi,GCF_963930625.1,mammals,Mammals,23,682,17,373,928334,5088593,8740.76,8274,3985,24355,0,17,0,0,0,0,0,0,17,0,6,0,0
Lepidochelys olivacea,GCA_965140295.1,reptiles,Turtles,29,69,40,604,1112318,4408114,8763.92,8177,1179,18484,16,10,2,3,11,0,2,3,7,2,1,0,0
Eudromia elegans,GCA_047922985.1,birds,Birds,41,291,43,11429,705439,2139205,7291.35,8127,549,28402,10,17,2,0,8,0,2,2,15,2,7,0,5
Osmerus mordax,GCA_038355195.1,fish,Ray-finned fishes,28,1894,27,720,213210,964384,7246.96,8070,844,16478,7,10,0,0,7,0,0,0,10,0,9,0,2
Notamacropus eugenii,GCF_028372415.1,mammals,Mammals,9,487,12,1460,1847192,6807737,10498.8,8060,2747,25413,3,2,0,0,3,0,0,0,2,0,2,0,2
Pristis pectinata,GCF_009764475.1,sharks,Cartilaginous fishes,46,649,26,344,772172,4477398,7971.62,8050,1726,13641,3,21,0,0,2,0,1,0,21,0,22,0,0
Clangula hyemalis,GCA_963989345.1,birds,Birds,42,540,38,1787,486419,2292683,8667.97,8032,1653,15966,7,26,1,1,3,0,3,0,26,1,8,0,0
Fringilla coelebs,GCA_963513975.1,birds,Birds,41,566,25,22312,635231,2178992,7747.24,8030,1945,10799,8,9,1,0,8,0,0,0,9,1,23,0,0
Passerculus sandwichensis,GCA_031885435.1,birds,Birds,42,242,70,1471,538299,2445589,7985.33,8020,1712,15483,30,10,1,7,23,0,0,2,8,1,1,0,0
Poecile atricapillus,GCF_030490865.1,birds,Birds,42,395,63,982,517130,2465382,7625.89,7983,755,16276,24,15,0,2,22,0,0,3,12,0,3,0,0
Lycodopsis pacificus,GCA_028022725.1,fish,Ray-finned fishes,24,366,28,616,202208,1272406,7210.46,7970,510,13481,13,6,0,0,9,0,4,0,6,0,5,0,0
Spinachia spinachia,GCA_048126635.1,fish,Ray-finned fishes,21,241,21,306,138839,811925,8288.48,7891,3661,14838,5,11,1,0,5,0,0,0,11,1,4,0,0
Anser brachyrhynchus,GCA_964034855.1,birds,Birds,42,1124,12,674,436312,2353230,7767,7889,1118,15174,2,8,3,0,2,0,0,0,8,3,29,0,0
Sorex araneus,GCF_027595985.1,mammals,Mammals,12,1401,15,625,983887,4777956,9062.73,7863,739,20418,5,5,0,0,4,0,1,0,5,0,1,0,1
Gobio gobio,GCA_949357685.1,fish,Ray-finned fishes,26,1044,7,2411,570678,2885952,6148.71,7848,825,8916,0,5,1,0,0,0,0,0,5,1,18,0,2
Micromys minutus,GCA_963924665.1,mammals,Mammals,35,2018,31,1636,2305497,4486662,9256.03,7841,2556,30821,4,25,1,0,2,0,2,0,25,1,5,0,0
Coilia mystus,GCA_048544225.1,fish,Ray-finned fishes,24,1124,27,1086,301946,1672551,7467.52,7839,519,10894,5,13,0,0,5,0,0,0,13,0,4,0,2
Hypanus sabinus,GCF_030144855.1,sharks,Cartilaginous fishes,35,1495,45,2384,1184890,7045819,8142.67,7824,510,19529,24,8,1,0,13,0,11,0,8,1,2,0,0
Morus bassanus,GCA_031468815.1,birds,Birds,35,242,26,79,436192,2428741,8205.88,7813,1826,19711,3,18,2,0,3,0,0,0,18,2,11,0,1
Myuchelys georgesi,GCA_040894355.2,reptiles,Turtles,25,76,38,1770,902569,3945699,8485.68,7807,1213,30359,16,6,0,4,12,0,0,1,5,0,3,0,0
Microchirus variegatus,GCA_963457635.1,fish,Ray-finned fishes,24,454,17,1461,228645,1384826,8038.59,7775,2225,13909,2,13,1,0,2,0,0,0,13,1,8,0,0
Cyprinella venusta,GCA_038024135.1,fish,Ray-finned fishes,26,718,6,1290,326632,1806204,7526.5,7764,1392,16786,2,3,1,0,0,0,2,0,3,1,20,0,0
Tupaia tana,GCA_026018925.1,mammals,Mammals,1198,1188,5,13024,2133851,5895177,9090,7762,4135,14368,0,5,1095,0,0,0,0,0,5,1095,98,0,0
Zalophus californianus,GCF_009762305.2,mammals,Mammals,20,177,5,261,1004804,4778841,8223.8,7738,3391,14057,0,5,1,0,0,0,0,0,5,1,14,0,0
Spheniscus humboldti,GCA_027474245.1,birds,Birds,37,248,35,93,483761,2663087,7921.69,7696,1808,16213,9,19,3,0,7,0,2,1,18,3,6,0,0
Pseudopipra pipra,GCF_036250125.1,birds,Birds,33,313,19,298,411882,2260577,8082,7693,1250,21055,3,15,0,0,1,0,2,2,13,0,15,0,0
Danio rerio,GCA_944039275.1,fish,Ray-finned fishes,26,381,18,1649,548655,2822624,7287.83,7594,730,13195,3,12,1,0,3,0,0,0,12,1,10,0,0
Phalacrocorax aristotelis,GCA_949628215.1,birds,Birds,37,219,13,81,430042,2461236,7766.38,7578,1875,18362,2,9,4,0,2,0,0,0,9,4,22,0,0
Pangasianodon hypophthalmus,GCF_027358585.1,fish,Ray-finned fishes,30,236,34,851,281020,1520925,6780.5,7532,796,10554,10,13,0,0,10,0,0,0,13,0,6,0,1
Chionomys nivalis,GCF_950005125.1,mammals,Mammals,28,196,26,736,943545,4687931,6673.08,7525,1955,11285,5,18,0,0,3,0,2,0,18,0,5,0,0
Martes martes,GCA_963455335.1,mammals,Mammals,21,2245,20,1534,1053958,4869781,7845.5,7451,732,19025,6,8,1,0,6,0,0,0,8,1,6,0,0
Pristipomoides typus,GCA_045363895.1,fish,Ray-finned fishes,24,84,24,917,351163,2250730,8284.71,7439,4774,13308,0,24,0,0,0,0,0,2,22,0,0,0,0
Osmerus eperlanus,GCF_963692335.1,fish,Ray-finned fishes,28,2432,19,494,202457,972473,6482.47,7396,536,13159,4,9,0,0,3,0,1,0,9,0,14,0,1
Diceros bicornis minor,GCF_020826845.1,mammals,Mammals,43,148,28,534,1110032,5216259,9815.64,7361,2207,30750,2,24,1,0,2,0,0,3,21,1,16,0,0
Catharus ustulatus,GCF_009819885.2,birds,Birds,41,371,2,1199,394175,2196694,7296.5,7296,1725,12868,0,1,0,0,0,0,0,0,1,0,39,0,1
Trichomycterus rosablanca,GCF_030014385.1,fish,Ray-finned fishes,27,198,31,1901,426068,2033073,6947.81,7188,895,10713,9,13,0,1,8,0,0,0,13,0,5,0,0
Willisornis vidua,GCA_045364795.1,birds,Birds,41,690,33,4045,427255,2284514,7163.67,7185,3033,15184,7,19,2,0,6,0,1,0,19,2,13,0,0
Electrophorus electricus,GCA_041902795.1,fish,Ray-finned fishes,26,18,46,2535,317366,1473443,7231.24,7132,1189,16691,20,6,0,13,7,0,0,4,2,0,0,0,0
Xenopus petersii,GCA_038501925.1,amphibians,Amphibians,19,491,15,1784,1784086,5663257,7321.93,7123,945,14922,3,7,1,0,3,0,0,0,7,1,7,0,1
Phalacrocorax carbo,GCF_963921805.1,birds,Birds,36,486,36,739,459502,2451367,7549,7123,2457,14614,11,14,2,0,11,0,0,0,14,2,9,0,0
Lepisosteus oculatus,GCF_040954835.1,fish,Ray-finned fishes,29,95,38,1966,475270,2134884,7014.95,7121,1132,12275,12,14,2,0,11,0,1,3,11,2,1,0,0
Caloenas nicobarica,GCF_036013445.1,birds,Birds,40,106,22,530,418019,2354654,6559.55,7074,619,10079,3,16,11,0,2,0,1,5,11,11,10,0,0
Lonchura striata,GCA_046129695.1,birds,Birds,40,176,49,822,545109,2325276,10485.1,7071,570,70856,13,13,1,1,9,0,3,0,13,1,6,0,7
Carassius carassius,GCF_963082965.1,fish,Ray-finned fishes,50,813,29,516,496186,3314141,6841.55,7066,1194,10965,8,13,0,0,7,0,1,0,13,0,29,0,0
Pan troglodytes,GCF_028858775.2,primates,Mammals,26,5,50,783,1182583,6345496,7742.02,7060,2018,17405,25,0,1,20,5,0,0,0,0,1,0,0,0
Mustelus asterias,GCA_964213995.1,sharks,Cartilaginous fishes,35,3509,27,1373,1270277,6192831,7858.81,7052,594,26864,10,11,1,0,6,0,4,0,11,1,13,0,0
Opisthocomus hoazin,GCA_030867145.1,birds,Birds,41,249,32,190,611746,2852977,8405.56,7045,2459,22740,3,27,3,0,2,0,1,4,23,3,8,0,0
Gypaetus barbatus,GCA_028022735.1,birds,Birds,232,259,29,123,446284,2726354,6887.31,7033,925,14165,6,19,187,0,4,0,2,2,17,187,20,0,0
Ammospiza maritima maritima,GCA_036010785.1,birds,Birds,40,333,45,1904,528251,2366311,6920.16,6947,3280,13952,9,27,1,1,8,0,0,4,23,1,3,0,0
Hoplias malabaricus,GCF_029633855.1,fish,Ray-finned fishes,22,874,7,770,333248,2139948,6512.71,6934,782,10137,0,7,1,0,0,0,0,0,7,1,14,0,0
Leuciscus leuciscus,GCA_965113295.1,fish,Ray-finned fishes,26,1196,9,1247,377780,2290459,6452.11,6933,3802,8863,1,7,1,0,1,0,0,0,7,1,17,0,0
Neosynchiropus ocellatus,GCA_044231665.1,fish,Ray-finned fishes,21,98,20,566,138272,925515,6629.1,6913,799,10019,4,15,1,0,1,1,2,0,15,1,1,0,0
Nyctibius grandis,GCF_013368605.1,birds,Birds,38,170,4,188,434282,2449171,6581,6906,3231,9281,0,4,4,0,0,0,0,1,3,4,30,0,0
Vipera berus,GCA_964194415.1,reptiles,Lepidosauria,20,1056,30,960,662011,3336589,6365.9,6870,1140,17040,12,6,1,0,12,0,0,0,6,1,1,0,0
Amblyopsis spelaea,GCA_046255685.1,fish,Ray-finned fishes,24,464,7,2760,258580,1508950,7197.86,6850,2416,13294,1,5,1,0,1,0,0,0,5,1,17,0,0
Sprattus sprattus,GCA_963457725.1,fish,Ray-finned fishes,22,1476,21,873,287144,1642850,6383.29,6843,2024,10047,5,13,1,0,3,0,2,0,13,1,3,0,0
Telmatherina bonti,GCA_933228915.1,fish,Ray-finned fishes,25,1329,16,1208,275917,1962429,6514,6837,560,10301,7,5,1,0,4,0,3,0,5,1,12,0,0
Cyanocitta cristata,GCA_046129655.1,birds,Birds,40,364,34,1899,494781,2310186,7196.44,6811,4026,12711,11,15,2,0,5,0,6,1,14,2,12,0,0
Chlamydotis macqueenii,GCA_036417535.1,birds,Birds,39,99,11,1229,509011,2450803,5772.73,6780,973,12363,5,5,10,0,0,0,5,1,4,10,18,0,1
Vidua chalybeata,GCF_026979565.1,birds,Birds,41,418,9,422,385975,2104784,7945.67,6775,539,18139,0,8,1,0,0,0,0,0,8,1,31,0,1
Platalea leucorodia,GCA_965183815.1,birds,Birds,38,689,32,694,483624,2569574,7595.06,6736,1750,44864,8,16,1,0,8,0,0,1,15,1,13,0,0
Chroicocephalus ridibundus,GCF_963924245.1,birds,Birds,33,458,20,122,425917,2472103,7647.8,6729,2811,12840,7,6,1,0,7,0,0,0,6,1,19,0,0
Gobius niger,GCA_951799975.1,fish,Ray-finned fishes,25,621,26,1602,294649,1707286,6264.54,6674,2257,8557,8,11,1,0,7,0,1,0,11,1,5,0,0
Parambassis ranga,GCF_900634625.1,fish,Ray-finned fishes,22,833,3,284,144694,1015886,4641,6664,505,6754,0,3,0,0,0,0,0,0,3,0,19,0,0
Pipistrellus pygmaeus,GCA_949987585.1,mammals,Mammals,24,155,19,7091,887523,3689648,8509.16,6647,999,19940,2,15,1,0,2,0,0,2,13,1,6,0,0
Branchiostoma lanceolatum,GCA_035083965.1,invertebrate,Other Deuterostomes,19,103,27,1485,188050,914929,6708.59,6637,2428,13653,11,8,0,0,8,0,3,0,8,0,0,0,0
Struthio camelus,GCF_040807025.1,birds,Birds,41,114,46,19814,805719,2839520,6629.54,6627,666,14303,14,20,0,0,12,1,1,6,14,0,7,0,0
Theristicus caerulescens,GCA_020745775.1,birds,Birds,27,86,2,101,394953,2386906,6571.5,6571,4820,8323,0,2,1,0,0,0,0,1,1,1,24,0,0
Podarcis melisellensis,GCA_964234715.1,reptiles,Lepidosauria,21,822,27,2154,1123883,2989511,15685.4,6564,883,100000,13,4,1,0,10,0,3,0,4,1,3,0,0
Nansenia antarctica,GCA_963989245.1,fish,Ray-finned fishes,21,3224,29,6806,534367,2056464,6576.48,6527,672,18518,12,1,1,0,4,0,8,0,1,1,1,0,6
Melospiza georgiana,GCF_028018845.1,birds,Birds,36,236,35,901,465255,2282907,6097.8,6523,1451,10576,7,21,0,0,7,0,0,0,21,0,8,0,0
Rhinolophus yonghoiseni,GCA_043880425.1,mammals,Mammals,15,152,12,6798,1047005,4293528,7317,6518,1705,17143,4,5,1,0,3,0,1,0,5,1,5,0,0
Scardinius erythrophthalmus,GCA_964197995.1,fish,Ray-finned fishes,26,832,24,1637,410319,2336103,5880.46,6512,1125,10761,7,11,1,0,6,0,1,0,11,1,7,0,0
Phocoena sinus,GCF_008692025.1,mammals,Mammals,22,204,4,299,949812,4722907,6205.75,6500,1559,10263,1,3,0,0,0,0,1,0,3,0,18,0,0
Aselliscus stoliczkanus,GCA_043727835.1,mammals,Mammals,17,82,20,1766,1079605,4460466,8977.95,6458,1197,21199,9,6,1,0,4,0,5,0,6,1,1,0,0
Oryctolagus cuniculus,GCF_964237555.1,mammals,Mammals,22,2275,33,1266,1085137,5484569,6643.76,6451,1069,15114,14,5,0,0,11,0,3,0,5,0,2,0,1
Pelecanus crispus,GCA_030463565.1,birds,Birds,35,375,40,304,460994,2578304,7030.12,6426,1047,14922,14,13,1,0,13,0,1,0,13,1,7,0,0
Epinephelus lanceolatus,GCA_041903045.1,fish,Ray-finned fishes,24,7,23,609,358718,2164596,6626.35,6406,3131,10145,3,17,4,0,3,0,0,14,3,4,0,0,0
Pogoniulus pusillus,GCF_015220805.1,birds,Birds,46,208,2,654,425797,2466275,6379,6379,5347,7411,0,2,4,0,0,0,0,0,2,4,40,0,0
Haemorhous mexicanus,GCF_027477595.1,birds,Birds,42,270,45,915,455014,2253872,6539.76,6357,1310,15804,15,15,0,2,12,0,1,0,15,0,12,0,0
Podarcis raffonei,GCF_027172205.1,reptiles,Lepidosauria,20,30,34,986,773267,3026048,6361.71,6356,2497,8795,14,6,0,3,11,0,0,2,4,0,0,0,0
Conger conger,GCF_963514075.1,fish,Ray-finned fishes,19,996,18,2216,351793,2217102,5299.28,6353,533,12724,9,3,0,0,6,0,3,0,3,0,7,0,0
Esox lucius,GCF_011004845.1,fish,Ray-finned fishes,26,104,23,5135,413466,1831638,6518.7,6348,3824,11014,2,19,2,0,2,0,0,1,18,2,3,0,0
Amblyraja radiata,GCF_010909765.2,sharks,Cartilaginous fishes,49,3313,6,680,619056,4552338,19224.5,6342,1128,86382,0,4,0,0,0,0,0,0,4,0,44,0,1
Ammospiza caudacuta,GCF_027887145.1,birds,Birds,40,354,25,2725,523478,2344462,6093.32,6337,1855,12640,5,15,0,0,5,0,0,0,15,0,20,0,0
Porphyrio hochstetteri,GCA_020800305.1,birds,Birds,35,278,30,218,513981,2404475,7530.23,6330,1190,24372,6,17,1,1,5,0,0,1,16,1,10,0,1
Scophthalmus maximus,GCA_963854745.1,fish,Ray-finned fishes,23,805,22,187,166016,1096709,6721.41,6271,4655,9306,7,9,1,0,6,0,1,0,9,1,6,0,0
Equus caballus,GCA_036426135.1,mammals,Mammals,34,108,38,244,1021173,5057932,6389.82,6237,2558,11886,8,22,3,0,8,0,0,5,17,3,1,0,0
Ammospiza nelsoni,GCF_027579445.1,birds,Birds,37,200,35,2238,487709,2274952,6587.71,6214,1235,15051,7,21,4,0,6,0,1,1,20,4,5,0,0
Strix aluco,GCA_031877795.1,birds,Birds,42,272,29,1702,723906,2675930,7599.31,6212,4168,20570,2,26,3,0,0,0,2,1,25,3,11,0,0
Saimiri boliviensis,GCA_048565385.1,mammals,Mammals,24,71,29,754,970968,5468854,7015.83,6211,747,14622,6,17,1,0,6,0,0,2,15,1,0,0,0
Phocoena phocoena,GCF_963924675.1,mammals,Mammals,22,964,20,555,1350811,4743788,7151.2,6137,1405,18348,2,17,0,0,1,0,1,0,17,0,3,0,0
Lemur catta,GCF_020740605.2,primates,Mammals,30,202,29,4593,3786502,4338278,9371.03,6094,888,28783,8,14,1,1,6,0,1,0,14,1,7,0,0
Rissa tridactyla,GCF_028500815.1,birds,Birds,32,263,20,116,427755,2487612,5915.4,6075,1721,11209,6,8,0,0,6,0,0,1,7,0,18,0,0
Lagenorhynchus albirostris,GCF_949774975.1,mammals,Mammals,23,1070,4,771,1424138,4806167,5668.25,6056,1592,8968,0,4,1,0,0,0,0,0,4,1,18,0,0
Hippoglossus hippoglossus,GCF_009819705.1,fish,Ray-finned fishes,25,283,6,580,165128,1184468,5506.67,6040,1434,9454,0,6,1,0,0,0,0,0,6,1,18,0,0
Poromitra crassiceps,GCA_964638095.1,fish,Ray-finned fishes,31,2833,9,4809,555312,2871453,7436.89,6030,655,13236,3,5,1,0,0,0,3,0,5,1,21,0,1
Phoxinus phoxinus,GCA_949152265.1,fish,Ray-finned fishes,26,880,31,1019,324937,1889648,6191.48,6019,634,14970,9,13,1,0,9,0,0,0,13,1,3,0,0
Podarcis siculus,GCA_964188175.1,reptiles,Lepidosauria,21,760,31,1757,1436472,3007001,17463,5998,1456,99981,12,2,1,0,9,0,3,0,2,1,2,0,4
Balaenoptera acutorostrata,GCF_949987535.1,mammals,Mammals,22,1175,7,3586,1073067,4975415,6182.14,5985,644,11783,0,7,0,0,0,0,0,0,7,0,15,0,0
Natator depressus,GCA_965152275.1,reptiles,Turtles,29,169,47,453,1016353,4343337,7422.66,5969,876,21357,20,7,2,5,15,0,0,1,6,2,0,0,0
Heliangelus exortis,GCF_036169615.1,birds,Birds,33,431,37,294,429478,2080157,7078.7,5967,1052,18396,12,16,0,0,8,0,4,0,16,0,5,0,0
Colius striatus,GCF_028858725.1,birds,Birds,33,148,36,333,403218,2333046,6656.11,5963,2033,13256,13,13,2,1,7,0,5,1,12,2,5,0,0
Corvus moneduloides,GCF_009650955.1,birds,Birds,36,268,9,424,393798,2156100,8771.33,5942,1823,22683,1,5,2,0,0,0,1,0,5,2,26,0,2
Apodemus sylvaticus,GCF_947179515.1,mammals,Mammals,25,1129,16,1654,1208667,5494227,8292.62,5941,603,23259,3,12,1,0,1,0,2,0,12,1,9,0,0
Lateolabrax maculatus,GCA_031216445.1,fish,Ray-finned fishes,24,0,34,148,203515,1253217,5603.62,5869,3735,7603,11,12,1,11,0,0,0,12,0,1,0,0,0
Labrus bergylta,GCF_963930695.1,fish,Ray-finned fishes,24,814,25,450,214999,1430137,5786.72,5868,1872,9548,3,19,0,0,3,0,0,0,19,0,2,0,0
Erythrolamprus reginae,GCF_031021105.1,reptiles,Lepidosauria,14,1360,18,1670,814922,3791283,13965.7,5856,848,100004,5,3,0,0,4,0,1,0,3,0,2,0,4
Anas acuta,GCF_963932015.1,birds,Birds,39,624,26,938,492929,2274518,6023.08,5849,573,11943,3,21,1,0,1,0,2,0,21,1,13,0,1
Sylvia borin,GCA_014839755.1,birds,Birds,37,98,4,522,368844,2065037,6412.75,5843,4886,9079,1,3,10,0,0,1,0,0,3,10,23,0,0
Rhamphochromis sp. 'chilingali',GCA_963969265.1,fish,Ray-finned fishes,23,422,21,265,274989,1837935,5441,5806,575,9556,5,12,1,0,4,0,1,0,12,1,5,0,0
Aythya fuligula,GCF_009819795.1,birds,Birds,37,143,17,341,397865,2225623,6869.82,5762,745,18252,0,9,4,0,0,0,0,5,4,4,19,3,2
Heptranchias perlo,GCF_035084215.1,sharks,Cartilaginous fishes,46,1606,50,2576,1244434,5573754,9314.46,5723,507,63023,29,3,0,0,11,0,18,0,3,0,10,0,4
Solea solea,GCF_958295425.1,fish,Ray-finned fishes,21,373,20,504,197698,1246408,5405,5685,701,13586,7,8,0,0,5,0,2,0,8,0,6,0,0
Platichthys flesus,GCF_949316205.1,fish,Ray-finned fishes,24,482,10,813,184603,1183472,5595.2,5684,550,9140,1,8,0,0,0,0,1,0,8,0,14,0,1
Cygnus columbianus,GCA_965151615.1,birds,Birds,42,535,34,302,432251,2321013,6080.76,5662,598,24577,3,27,2,0,2,0,1,1,26,2,9,0,1
Trididemnum clinides,GCA_963675345.1,otherChordates,Other Deuterostomes,24,638,29,1885,312109,1774021,5133.41,5640,508,12205,11,6,1,0,10,0,1,0,6,1,5,0,1
Cyclopterus lumpus,GCF_009769545.1,fish,Ray-finned fishes,25,346,9,658,164963,1123580,5507.22,5617,524,9365,2,3,0,0,2,0,0,0,3,0,18,0,2
Rhynochetos jubatus,GCA_027574665.1,birds,Birds,43,295,24,3087,728705,2478252,5395.58,5595,601,9500,6,13,5,1,4,0,1,0,13,5,19,0,0
Antrozous pallidus,GCA_027563665.1,mammals,Mammals,24,215,5,11642,1157812,4223956,7157,5592,1219,13933,0,4,1,0,0,0,0,0,4,1,18,0,1
Stenella coeruleoalba,GCA_951394435.1,mammals,Mammals,24,992,1,835,1527606,4810629,5557,5557,5557,5557,0,1,1,0,0,0,0,0,1,1,22,0,0
Notoryctes typhlops,GCA_048126345.1,mammals,Mammals,693,196,6,579,1815515,7688980,8660.33,5543,2501,26064,0,3,651,0,0,0,0,3,0,651,37,2,0
Latimeria chalumnae,GCF_037176945.1,fish,Lobe-finned fishes,30,154,30,1137,1125777,5864329,5919.63,5511,784,13310,7,16,1,0,7,0,0,3,13,1,6,0,0
Ambystoma mexicanum,GCF_040938575.1,amphibians,Amphibians,22,2089,19,19408,11196464,57555124,6443.95,5468,1120,12849,6,9,1,0,4,0,2,0,9,1,6,0,0
Cervus elaphus,GCF_910594005.1,mammals,Mammals,34,38,27,363,950224,5543579,7315.44,5464,1120,20376,1,25,5,0,0,0,1,11,14,5,3,0,0
Rhea pennata,GCF_028389875.1,birds,Birds,41,126,34,11055,493799,2406392,6197.76,5439,624,18180,4,27,1,0,3,1,0,7,20,1,9,0,0
Candoia aspera,GCF_035149785.1,reptiles,Lepidosauria,18,101,23,292,564517,3044430,6064.48,5423,1501,13057,8,7,0,0,7,0,1,0,7,0,3,0,0
Balaenoptera borealis,GCA_965194805.1,mammals,Mammals,23,1176,7,22530,1357961,5127416,5044.43,5407,665,10188,0,7,1,0,0,0,0,0,7,1,15,0,0
Alosa sapidissima,GCF_018492685.1,fish,Ray-finned fishes,25,1637,18,1392,287988,1785173,6369.83,5393,1389,12823,4,10,1,0,4,0,0,0,10,1,10,0,0
Astatotilapia calliptera,GCA_964374335.1,fish,Ray-finned fishes,23,40,17,245,281125,1864905,5563.06,5372,3477,7663,4,9,2,0,4,0,0,0,9,2,8,0,0
Pseudophryne corroboree,GCF_028390025.1,amphibians,Amphibians,12,2582,8,28358,3927191,16339936,10465.4,5349,1443,38532,0,6,0,0,0,0,0,0,6,0,5,0,1
Salarias fasciatus,GCF_902148845.1,fish,Ray-finned fishes,23,473,5,2983,157183,1413443,4726.6,5348,2998,6714,1,4,1,0,0,0,1,0,4,1,17,0,0
Lagopus muta,GCF_023343835.1,birds,Birds,41,186,36,641,369720,2026824,9200.25,5323,542,41595,6,20,3,0,6,0,0,4,16,3,9,1,2
Lampris incognitus,GCF_029633865.1,fish,Ray-finned fishes,21,3082,28,2230,500509,2830210,6704.07,5322,520,21712,15,3,0,0,8,0,7,0,3,0,1,0,2
Limanda limanda,GCF_963576545.1,fish,Ray-finned fishes,23,274,12,930,226016,1277355,5455.5,5302,648,8970,1,10,0,0,1,0,0,0,10,0,12,0,0
Amia ocellicauda,GCF_036373705.1,fish,Ray-finned fishes,23,97,25,1837,337354,1846995,5735.84,5296,1108,16739,7,12,0,0,6,0,1,1,11,0,4,0,0
Muscardinus avellanarius,GCA_963383645.1,mammals,Mammals,25,1804,26,802,951331,4982459,6367.35,5295,1424,15878,8,10,1,0,7,0,1,0,10,1,6,0,0
Lethrinus nebulosus,GCA_045362495.1,fish,Ray-finned fishes,24,196,10,364,301535,2242594,5030.9,5281,2476,8567,0,10,0,0,0,0,0,0,10,0,14,0,0
Sardina pilchardus,GCF_963854185.1,fish,Ray-finned fishes,24,1650,20,664,264562,1708138,5190.15,5180,1094,7821,2,18,0,0,0,0,2,0,18,0,4,0,0
Orcinus orca,GCF_937001465.1,mammals,Mammals,23,123,13,1268,1577253,4964355,6602.92,5175,511,14156,0,13,1,0,0,0,0,0,13,1,9,0,0
Ciconia maguari,GCA_017639555.1,birds,Birds,32,195,4,114,405893,2411286,5526,5157,4520,7270,1,3,3,0,0,0,1,0,3,3,25,0,0
Larus fuscus,GCA_963932225.1,birds,Birds,33,522,15,110,409689,2393454,5999.93,5143,1190,10397,3,10,1,0,2,0,1,0,10,1,19,0,0
Aulonocara stuartgranti,GCA_965226115.1,fish,Ray-finned fishes,23,31,28,221,283971,1890727,5156.5,5098,2678,8001,10,10,2,4,4,1,1,3,7,2,1,0,0
Vipera ursinii,GCA_947247035.1,reptiles,Lepidosauria,20,1794,27,993,695928,3217972,7875,5095,695,45935,10,8,1,0,9,0,1,0,8,1,1,0,0
Cetorhinus maximus,GCA_964194155.1,sharks,Cartilaginous fishes,40,2721,10,1823,1440126,7037914,5118.6,5084,1245,10426,1,8,1,0,0,0,1,0,8,1,30,0,0
Anser anser,GCA_964211835.1,birds,Birds,42,906,28,455,458306,2411128,4946.32,5084,625,10169,5,18,2,0,5,0,0,0,18,2,17,0,0
Morphnus guianensis,GCA_045345515.1,birds,Birds,28,150,34,321,495300,2886401,5584.44,5070,776,17966,12,14,0,2,6,0,4,1,13,0,2,0,0
Mesoplodon bidens,GCA_964165515.1,mammals,Mammals,23,1093,3,5426,1192343,4924042,4036.33,5053,998,6058,0,3,1,0,0,0,0,0,3,1,19,0,0
Castor canadensis,GCA_047511655.1,mammals,Mammals,21,180,36,1355,1109214,5600447,4947.81,5036,1353,10398,16,4,1,0,16,0,0,0,4,1,0,0,0
Pleuronectes platessa,GCF_947347685.1,fish,Ray-finned fishes,24,1071,12,586,200891,1251853,5167.5,5031,2332,7523,2,9,0,0,1,0,1,0,9,0,13,0,0
Clarias gariepinus,GCA_024256435.1,fish,Ray-finned fishes,28,21,12,834,342899,1912122,5142,5030,2436,9396,1,10,11,0,1,0,0,5,5,11,6,0,0
Dryobates pubescens,GCF_014839835.1,birds,Birds,46,155,12,478,421348,2342933,6511.17,4989,801,14966,1,10,4,0,1,0,0,0,10,4,31,0,0
Molossus molossus,GCF_014108415.1,mammals,Mammals,60,349,12,407,859650,4536181,5466.83,4941,1872,10286,3,6,22,0,3,0,0,3,3,22,29,0,0
Guaruba guarouba,GCA_045345405.1,birds,Birds,36,164,39,1529,496148,2571464,5765.67,4922,641,15057,9,21,1,2,6,0,1,5,16,1,4,0,1
Chelonia mydas,GCF_015237465.2,reptiles,Turtles,29,277,24,488,961430,4236739,5199.75,4910,507,10722,6,12,2,0,6,0,0,1,11,2,9,0,0
Anguilla anguilla,GCF_013347855.1,fish,Ray-finned fishes,20,640,23,3492,433440,1947146,5590.09,4878,668,14384,9,4,1,0,7,0,2,0,4,1,4,0,2
Anas platyrhynchos,GCA_964188345.1,birds,Birds,42,550,32,1256,584288,2385945,4424.81,4858,557,9001,4,19,1,0,3,0,1,0,19,1,15,0,3
Enoplosus armatus,GCF_043641665.1,fish,Ray-finned fishes,25,114,29,113,185263,1150187,4773.38,4848,2670,6068,16,7,1,1,5,0,10,0,7,1,1,0,0
Rhinolophus trifoliatus,GCA_043728145.1,mammals,Mammals,18,387,24,7024,1241455,4337927,6082.54,4841,1126,16372,9,7,1,0,6,0,3,0,7,1,1,0,0
Rhynchocyon petersi,GCA_043290085.1,mammals,Mammals,14,769,15,443,2019095,11108923,4974.13,4772,1558,8917,5,6,1,0,3,0,2,0,6,1,2,0,0
Pempheris klunzingeri,GCF_042242105.1,fish,Ray-finned fishes,24,86,41,308,201131,1252156,4777.56,4733,1109,9000,18,5,0,0,18,0,0,1,4,0,1,0,0
Odontesthes bonariensis,GCA_027942865.1,fish,Ray-finned fishes,24,282,35,1565,360843,1874943,4344.6,4715,529,11245,19,3,0,0,11,0,8,0,3,0,1,0,1
Styela clava,GCA_964204865.1,otherChordates,Other Deuterostomes,16,34,13,216,124845,721949,4312.08,4707,1082,8906,0,13,1,0,0,0,0,2,11,1,2,0,0
Aegotheles albertisi,GCA_039906565.1,birds,Birds,40,403,29,296,420769,2281921,5396.03,4680,548,10851,1,27,1,0,1,0,0,0,27,1,11,0,0
Dromaius novaehollandiae,GCF_036370855.1,birds,Birds,41,127,37,12419,562331,2748034,4551.78,4679,648,10820,6,25,3,1,5,0,0,6,19,3,7,0,0
Syngnathus acus,GCF_901709675.1,fish,Ray-finned fishes,22,31,9,722,130368,636781,5656,4670,2410,15397,0,9,4,0,0,0,0,2,7,4,9,0,0
Thunnus albacares,GCF_914725855.1,fish,Ray-finned fishes,24,65,27,1219,273219,1579706,4608.33,4670,1127,9180,9,11,1,0,3,1,5,1,10,1,1,0,2
Acanthopagrus schlegelii,GCA_041753875.1,fish,Ray-finned fishes,24,0,47,317,216776,1429938,4450.53,4643,550,6849,23,1,0,23,0,0,0,1,0,0,0,0,0
Rhinolophus perniger lanosus,GCA_043748575.1,mammals,Mammals,18,61,25,5002,983997,4294393,5469.12,4641,658,14013,11,6,1,0,7,0,4,0,6,1,0,0,0
Sarcophilus harrisii,GCA_048593225.1,mammals,Mammals,7,1514,3,784,1505746,6456239,5167.33,4622,1076,9804,0,2,0,0,0,0,0,0,2,0,4,0,1
Branta canadensis,GCA_965231335.1,birds,Birds,41,521,17,635,473826,2328343,5166.65,4614,1075,16451,2,14,4,0,1,0,1,2,12,4,21,0,0
Gasterosteus aculeatus,GCA_964276395.1,fish,Ray-finned fishes,23,328,17,238,142748,999716,5425.59,4599,3507,9294,3,12,1,0,2,0,1,0,12,1,7,0,0
Zeus faber,GCA_960531495.1,fish,Ray-finned fishes,23,887,20,1745,364484,1561799,8239.55,4589,516,30006,9,1,1,0,0,0,9,0,1,1,4,0,8
Anser cygnoides,GCF_040182565.1,birds,Birds,41,42,29,1310,447271,2380603,4887.14,4543,784,10908,13,10,15,5,1,5,2,7,3,15,3,0,0
Cuculus canorus,GCF_017976375.1,birds,Birds,41,219,26,653,437566,2331191,6100.27,4514,1653,17221,2,22,0,0,1,0,1,4,18,0,16,0,1
Erinaceus europaeus,GCF_950295315.1,mammals,Mammals,24,3759,16,460,958786,5173645,4707.44,4443,657,9105,3,10,0,0,2,0,1,0,10,0,10,0,1
Saccopteryx bilineata,GCF_036850765.1,mammals,Mammals,13,366,2,471,944757,5114340,4425,4425,3411,5439,1,0,0,0,1,0,0,0,0,0,12,0,0
Ascidiella aspersa,GCA_963924565.1,otherChordates,Other Deuterostomes,10,393,14,223,133866,613724,4409.79,4418,3223,5807,5,4,1,0,5,0,0,0,4,1,0,0,0
Canis lupus,GCA_905319855.2,mammals,Mammals,41,166,44,1946,1110814,4835243,4577.86,4413,825,11297,11,22,2,0,11,0,0,5,17,2,6,0,0
Sarcoramphus papa,GCA_037962945.1,birds,Birds,42,148,25,378,509303,2952856,4533.04,4347,1341,7497,4,17,6,0,4,0,0,5,12,6,15,0,0
Numenius arquata,GCA_964106895.1,birds,Birds,42,770,18,516,427741,2426849,4407.17,4330,1664,8999,0,18,6,0,0,0,0,0,18,6,18,0,0
Arripis georgiana,GCA_042242135.1,fish,Ray-finned fishes,24,98,25,552,196252,1334109,3847.28,4307,527,5197,6,17,0,0,2,0,4,0,17,0,1,0,0
Ornithorhynchus anatinus,GCF_004115215.2,mammals,Mammals,32,420,15,949,691354,3622466,4141.2,4282,574,10872,1,13,2,0,1,0,0,0,13,2,16,0,0
Taurulus bubalis,GCA_910589615.1,fish,Ray-finned fishes,22,242,28,761,182386,1229614,5207.54,4250,1057,11263,10,8,1,0,10,0,0,0,8,1,3,0,0
Branchiostoma floridae x Branchiostoma belcheri,GCA_019207075.1,invertebrate,Other Deuterostomes,20,90,19,796,153584,800217,4424.84,4247,2358,7139,4,15,0,0,0,0,4,0,15,0,1,0,0
Acipenser ruthenus,GCF_902713425.1,fish,Ray-finned fishes,61,422,70,3486,735881,3623287,7739.61,4245,682,57158,26,21,1,0,20,0,6,0,21,1,12,0,1
Protopterus annectens,GCA_040939525.1,fish,Lobe-finned fishes,28,24438,11,197236,17267505,79210350,8935.18,4236,796,27188,3,7,1,0,0,0,3,0,7,1,16,0,1
Panthera onca,GCA_046562885.1,mammals,Mammals,18,140,27,356,930959,4576549,4799,4224,1154,10363,11,6,0,0,9,0,2,0,6,0,1,0,0
Thalia democratica,GCA_965202585.1,otherChordates,Other Deuterostomes,10,151,14,31,138983,1453786,3979.29,4216,739,7893,6,2,1,0,6,0,0,0,2,1,1,0,0
Eutrigla gurnardus,GCA_963514095.1,fish,Ray-finned fishes,25,550,2,384,177907,1310641,4171,4171,3602,4740,0,2,1,0,0,0,0,0,2,1,22,0,0
Syngnathus typhle,GCA_048301445.1,fish,Ray-finned fishes,23,75,8,355,99393,660813,4407.5,4167,3537,5498,1,7,3,0,0,0,1,0,7,3,12,0,0
Anniella stebbinsi,GCA_029215775.1,reptiles,Lepidosauria,134,21,19,1071,901115,3780931,10316.8,4154,911,38213,11,3,118,0,4,4,3,3,0,118,1,1,0
Melanostigma gelatinosum,GCA_949748355.1,fish,Ray-finned fishes,25,587,32,624,219241,1248831,5337.75,4098,520,16721,20,3,1,0,9,0,11,0,3,1,1,0,0
Calonectris borealis,GCA_964195595.2,birds,Birds,42,518,22,337,475663,2597348,4686.64,4076,903,10123,1,20,1,0,0,0,1,0,20,1,20,0,0
Coloeus monedula,GCA_965178545.1,birds,Birds,43,644,6,8674,537980,2304231,4146.67,4075,2187,6284,0,6,1,0,0,0,0,0,6,1,36,0,0
Strigops habroptila,GCF_004027225.2,birds,Birds,25,325,5,100,390099,2236888,3956.8,4068,2298,5463,0,5,2,0,0,0,0,0,5,2,18,0,0
Lynx canadensis,GCF_007474595.2,mammals,Mammals,20,840,6,288,942745,4807212,3706.17,4040,546,6937,0,5,0,0,0,0,0,0,5,0,14,0,1
Leucopleurus acutus,GCA_964270905.1,mammals,Mammals,24,1033,9,1073,1512995,4920020,4741.67,4011,1869,10613,2,7,1,0,0,0,2,0,7,1,14,0,0
Thunnus thynnus,GCF_963924715.1,fish,Ray-finned fishes,24,468,34,1041,265648,1584306,3736.44,4009,528,8436,8,11,0,0,6,0,2,0,11,0,0,0,5
Corella eumyota,GCA_963082875.1,otherChordates,Other Deuterostomes,8,243,12,89,42240,254888,4081.75,4001,3408,5026,5,2,1,0,5,0,0,0,2,1,0,0,0
Pungitius pungitius,GCF_949316345.1,fish,Ray-finned fishes,21,730,20,167,140837,930407,4941.45,4000,532,12517,5,10,0,0,5,0,0,0,10,0,6,0,0
Scomber japonicus,GCF_027409825.1,fish,Ray-finned fishes,24,1562,27,1117,288143,1636021,3711.41,3997,580,6391,9,7,0,0,9,0,0,0,7,0,7,0,1
Aythya marila,GCA_965140915.1,birds,Birds,41,672,42,590,596570,2261255,14602.1,3989,522,99996,14,16,1,0,10,0,4,0,16,1,8,1,1
Notolabrus celidotus,GCF_009762535.1,fish,Ray-finned fishes,24,932,47,3363,623699,1624359,4333,3982,647,12255,5,1,0,0,3,0,2,0,1,0,0,0,18
Chaetodon trifascialis,GCF_039877785.1,fish,Ray-finned fishes,24,49,21,418,166232,1318637,3921,3981,1316,6676,0,21,0,0,0,0,0,1,20,0,3,0,0
Acomys minous,GCA_964271855.1,mammals,Mammals,20,184,27,918,908710,4550272,5287.33,3976,1430,12767,8,11,0,0,8,0,0,0,11,0,1,0,0
Trogon surrucura,GCA_020746105.1,birds,Birds,43,202,14,126,401448,2277352,4445.64,3963,2166,8238,0,14,6,0,0,0,0,8,6,6,23,0,0
Barbatula barbatula,GCA_947034865.1,fish,Ray-finned fishes,26,824,17,87,178717,1231015,3639,3919,549,6969,2,15,1,0,0,0,2,0,15,1,8,0,0
Pholis gunnellus,GCA_910591455.2,fish,Ray-finned fishes,25,418,28,370,207615,1171358,6011.61,3907,571,34625,7,12,1,0,3,0,4,0,12,1,2,0,3
Pholidichthys leucotaenia,GCA_020510985.1,fish,Ray-finned fishes,15,2379,14,929,1636669,11823396,4071.79,3899,1000,7255,5,4,0,0,5,0,0,0,4,0,6,0,0
Synchiropus picturatus,GCA_044231675.1,fish,Ray-finned fishes,20,90,12,115,107115,940582,3714.42,3885,705,5350,7,5,1,0,0,0,7,1,4,1,7,0,0
Bucorvus abyssinicus,GCA_009769605.1,birds,Birds,41,175,1,86,371982,2236287,3884,3884,3884,3884,0,1,2,0,0,0,0,0,1,2,38,0,0
Sebastes umbrosus,GCF_015220745.1,fish,Ray-finned fishes,24,202,18,535,274382,1580917,3351.33,3881,560,7141,3,4,0,0,0,0,3,0,4,0,8,0,9
Epinephelus rankini,GCA_048129235.1,fish,Ray-finned fishes,24,21,20,402,311858,1997339,3707.95,3880,1043,5275,0,20,0,0,0,0,0,8,12,0,4,0,0
Onychomys torridus,GCF_903995425.1,mammals,Mammals,24,2034,8,412,967859,4742259,4682.12,3819,2607,10050,0,8,0,0,0,0,0,0,8,0,16,0,0
Natrix helvetica,GCA_964273705.1,reptiles,Lepidosauria,19,2003,24,3726,854440,3515590,5745.33,3805,789,33217,6,10,1,0,4,0,2,0,10,1,1,0,1
Fundulus diaphanus,GCA_037039145.1,fish,Ray-finned fishes,25,281,24,290,416350,2651252,3722.92,3790,2550,4768,4,16,1,0,4,0,0,0,16,1,4,0,0
Scomber scombrus,GCF_963691925.1,fish,Ray-finned fishes,24,1438,5,734,238296,1463076,4055.6,3783,675,7947,3,2,0,0,0,0,3,0,2,0,19,0,0
Cygnus olor,GCF_009769625.2,birds,Birds,37,410,2,191,382638,2212146,3765.5,3765,1733,5798,0,1,9,0,0,0,0,0,1,9,26,0,1
Harpia harpyja,GCF_026419915.1,birds,Birds,30,316,38,100,452854,2601037,6127.95,3745,613,22028,14,10,0,0,14,0,0,0,10,0,6,0,0
Sylvia atricapilla,GCF_009819655.1,birds,Birds,36,373,1,290,369065,2090763,3706,3706,3706,3706,0,0,3,0,0,0,0,0,0,3,32,0,1
Hipposideros larvatus,GCA_031876335.1,mammals,Mammals,18,115,19,28063,2757275,4618544,7740.16,3659,616,24767,5,9,1,0,4,0,1,0,9,1,3,0,0
Urocitellus parryii,GCA_045843805.1,mammals,Mammals,19,598,13,4267,1526982,5280229,4282.92,3606,805,15707,4,6,1,0,3,0,1,0,6,1,8,0,0
Menidia menidia,GCA_048628825.1,fish,Ray-finned fishes,25,846,41,2832,353542,1103949,3395.56,3605,690,5944,16,2,1,0,13,0,3,0,2,1,0,0,6
Ochotona princeps,GCF_030435755.1,mammals,Mammals,35,430,27,2202,1066262,4429748,4839,3562,558,17001,3,20,0,0,3,0,0,0,20,0,11,0,1
Silurus aristotelis,GCA_946808225.1,fish,Ray-finned fishes,30,795,40,1003,323881,1581799,3990.57,3529,505,10500,19,6,1,0,12,0,7,0,6,1,3,0,1
Caesio teres,GCA_048129055.1,fish,Ray-finned fishes,23,28,19,546,292623,1973893,3666.16,3525,2013,6070,1,17,1,1,0,0,0,4,13,1,4,0,0
Aplidium turbinatum,GCA_918807975.1,otherChordates,Other Deuterostomes,19,53,26,2744,211296,1210793,3346.73,3523,677,4646,10,5,1,1,8,0,1,0,5,1,2,0,1
Lipophrys pholis,GCA_963383615.1,fish,Ray-finned fishes,24,589,33,582,185546,1436369,3258.33,3521,660,7019,15,4,1,0,11,0,4,0,4,1,2,0,2
Scatophagus argus,GCF_020382885.2,fish,Ray-finned fishes,25,72,15,112,150092,1135414,3377.47,3508,1295,4189,2,11,1,0,2,0,0,0,11,1,11,0,0
Tetrao urogallus,GCA_951394365.1,birds,Birds,40,963,17,141,317298,2001257,8365.35,3477,608,82927,1,14,1,0,1,0,0,1,13,1,23,0,1
Athene noctua,GCA_965140245.1,birds,Birds,42,572,25,183,423525,2489425,3641.64,3455,778,9438,2,21,1,0,2,0,0,0,21,1,18,0,0
Phascolarctos cinereus,GCA_003287225.2,mammals,Mammals,1246,669,3,344,1453930,6384181,2912.67,3441,1230,4067,0,2,1226,0,0,0,0,1,1,1226,17,1,0
Aplochiton taeniatus,GCA_017639675.1,fish,Ray-finned fishes,20,1154,32,4293,270294,903103,5144.06,3409,794,14051,14,1,0,0,12,0,2,0,1,0,2,0,3
Mesoplodon mirus,GCA_964341445.1,mammals,Mammals,22,1181,4,6479,1306130,5320578,3923,3386,2417,6503,0,4,1,0,0,0,0,0,4,1,17,0,0
Phoenicopterus ruber ruber,GCA_009819775.1,birds,Birds,33,237,2,64,405581,2457431,3359,3359,2266,4452,0,2,1,0,0,0,0,0,2,1,30,0,0
Podarcis liolepis,GCA_965112155.1,reptiles,Lepidosauria,21,910,33,2843,913242,3051482,8765.06,3314,962,100003,12,1,1,0,10,0,2,0,1,1,2,0,5
Gallinula chloropus,GCA_964237585.1,birds,Birds,39,576,24,181,432470,2375957,3806.71,3305,528,9417,4,17,2,0,3,0,1,0,17,2,16,0,0
Toxotes jaculatrix,GCF_017976425.1,fish,Ray-finned fishes,24,98,20,264,203762,1232103,3421.55,3284,624,6084,8,9,0,0,2,0,6,0,9,0,7,0,0
Barbus barbus,GCA_936440315.1,fish,Ray-finned fishes,51,107,24,728,481652,3161486,4481.46,3264,664,10645,4,16,1,1,3,0,0,2,14,1,30,0,0
Myotis nattereri,GCA_964212035.2,mammals,Mammals,24,225,32,7043,1065793,4232802,3612.59,3247,585,9480,10,10,1,0,8,0,2,0,10,1,1,0,2
Phaethornis superciliosus,GCA_023637945.2,birds,Birds,36,128,6,210,350788,2028241,3479.5,3239,756,8420,1,1,6,0,0,0,1,0,1,6,25,0,3
Suncus etruscus,GCF_024139225.1,mammals,Mammals,22,943,16,640,1158308,4893284,4690.19,3228,1250,22011,4,9,1,0,3,0,1,0,9,1,8,0,0
Talpa europaea,GCA_964194135.1,mammals,Mammals,18,1056,26,146,829954,4063264,4331.92,3211,678,10833,9,8,1,0,9,0,0,0,8,1,0,0,0
Caprimulgus europaeus,GCA_907165065.1,birds,Birds,37,136,14,487,405964,2339730,3494.43,3196,1596,7737,2,10,3,1,0,0,1,2,8,3,22,0,0
Nyctalus leisleri,GCA_964264875.2,mammals,Mammals,24,299,27,10091,1318769,3943546,4485.78,3178,710,13128,8,11,1,0,6,0,2,0,11,1,3,0,1
Podarcis tiliguerta,GCA_965153285.1,reptiles,Lepidosauria,21,1024,20,1381,753726,2899816,3244.05,3167,834,7927,5,11,1,0,4,0,1,0,11,1,4,0,0
Callithrix jacchus,GCA_049354715.1,mammals,Mammals,24,3,45,671,1060416,5866460,6812.33,3106,538,68328,21,3,0,19,2,0,0,2,1,0,0,0,0
Microstomus kitt,GCA_964266715.1,fish,Ray-finned fishes,25,389,17,502,177201,1239849,3508.53,3101,962,8357,0,17,1,0,0,0,0,0,17,1,7,0,0
Grus grus,GCA_964106855.1,birds,Birds,41,588,38,6304,478168,2483664,4804.87,3093,1002,52750,11,18,3,0,9,0,2,0,18,3,9,0,0
Podarcis bocagei,GCA_964188305.1,reptiles,Lepidosauria,21,1003,34,4481,858847,3155619,5617.06,3085,816,33130,14,4,1,0,11,0,3,0,4,1,0,0,2
Choerodon schoenleinii,GCA_047301625.1,fish,Ray-finned fishes,24,11,43,720,382047,1717300,3265.6,3063,694,8696,23,0,0,12,6,3,2,0,0,0,0,0,1
Rhinolophus ferrumequinum,GCF_004115265.2,mammals,Mammals,28,137,1,285,820326,4020187,3061,3061,3061,3061,0,1,2,0,0,0,0,0,1,2,25,0,0
Excalfactoria chinensis,GCA_039878825.1,birds,Birds,33,315,18,248,318054,1894976,6527.17,3060,686,25023,1,13,4,0,1,0,0,3,10,4,12,0,3
Rattus norvegicus,GCF_015227675.2,mammals,Mammals,23,516,29,809,1116585,5227918,3762.07,3052,1638,12641,10,10,1,0,8,0,2,0,10,1,2,0,0
Larus michahellis,GCA_964199755.1,birds,Birds,36,485,20,117,419055,2533617,3786.3,3026,1380,9997,5,11,2,0,4,0,1,0,11,2,18,0,0
Grampus griseus,GCA_964374135.1,mammals,Mammals,24,1134,6,1018,1304781,4770858,3233.83,3011,2111,4511,0,6,1,0,0,0,0,0,6,1,17,0,0
Megalops cyprinoides,GCF_013368585.1,fish,Ray-finned fishes,26,61,9,1315,295847,1897303,4952.22,3001,540,14951,4,4,2,0,0,2,2,1,3,2,15,0,1
Saccopteryx leptura,GCF_036850995.1,mammals,Mammals,15,395,4,510,937147,5042021,3021.5,2990,637,5469,0,4,1,0,0,0,0,0,4,1,10,0,0
Sterna hirundo,GCA_009819605.1,birds,Birds,28,165,7,107,407174,2421458,3883.57,2971,1227,8853,0,4,2,0,0,0,0,0,4,2,20,0,2
Polymixia lowei,GCA_047511565.1,fish,Ray-finned fishes,25,749,40,2090,270367,1325354,3278,2966,559,10570,13,4,1,0,12,0,1,0,4,1,1,0,6
Pterocles gutturalis,GCA_009769525.1,birds,Birds,37,220,5,83,359298,2233460,4184.4,2942,1554,7515,0,4,2,0,0,0,0,0,4,2,30,0,1
Saccoglossus sp. HW-2024a,GCA_040954625.2,invertebrate,Other Deuterostomes,24,221,31,306,96337,643395,3228.19,2929,1866,7824,10,13,1,0,8,0,2,0,13,1,0,0,0
Miniopterus schreibersii,GCA_964146895.2,mammals,Mammals,25,140,23,739,1622680,3611676,3644.61,2915,631,11540,4,15,1,0,4,0,0,3,12,1,5,0,0
Falco rusticolus,GCF_015220075.1,birds,Birds,25,619,6,98,397070,2371561,2631.5,2907,1409,3034,0,6,1,0,0,0,0,0,6,1,18,0,0
Pygocentrus nattereri,GCF_015220715.1,fish,Ray-finned fishes,30,302,15,1731,395943,2421876,3105.93,2902,562,6413,5,9,1,0,1,0,4,0,9,1,15,0,0
Mobula birostris,GCF_030028105.1,sharks,Cartilaginous fishes,33,1598,14,1444,1180643,7204505,4882.5,2880,501,14749,7,6,0,0,1,0,6,0,6,0,20,0,0
Larus argentatus,GCA_964417175.1,birds,Birds,36,556,24,120,423985,2595439,3149.54,2860,875,7767,5,15,1,0,4,0,1,0,15,1,15,0,0
Marmota flaviventris,GCF_047511675.1,mammals,Mammals,22,308,28,10523,2298273,5199037,3772.5,2847,658,12992,9,9,0,0,9,0,0,0,9,0,3,0,1
Homo sapiens,GCA_009914755.4,primates,Mammals,25,0,48,542,1128638,6234571,2969.27,2834,1551,6385,24,0,1,24,0,0,0,0,0,1,0,0,0
Canis lupus baileyi,GCF_048164855.1,mammals,Mammals,40,161,39,2294,1121130,4915459,4001.64,2790,659,9841,8,23,1,0,8,0,0,2,21,1,8,0,0
Ascidia mentula,GCA_947561715.1,otherChordates,Other Deuterostomes,10,32,17,17,49102,384413,2816.35,2775,2376,3461,8,1,1,3,5,0,0,0,1,1,0,0,0
Chanos chanos,GCF_902362185.1,fish,Ray-finned fishes,17,111,13,1080,223391,1303700,2759.38,2736,993,4097,3,8,0,0,2,0,1,0,8,0,6,0,0
Gopherus evgoodei,GCF_007399415.2,reptiles,Turtles,25,362,5,2412,1014749,4321169,2614.6,2705,1388,3760,0,5,2,0,0,0,0,0,5,2,18,0,0
Pipistrellus nathusii,GCA_964656225.1,mammals,Mammals,23,1831,19,5084,827644,3624076,3183.21,2682,661,9492,2,12,1,0,1,0,1,0,12,1,5,0,3
Balearica regulorum gibbericeps,GCA_011004875.1,birds,Birds,38,128,6,71,392257,2421253,2840.83,2664,749,5413,0,6,6,0,0,0,0,1,5,6,26,0,0
Vulpes vulpes,GCA_964106825.2,mammals,Mammals,18,1845,15,704,1294153,4715421,11496.3,2650,722,100000,3,6,1,0,2,0,1,0,6,1,5,0,3
Mustela nivalis,GCA_964662115.1,mammals,Mammals,23,2929,21,2761,1110563,5065661,3426.19,2623,1095,12761,7,7,1,0,6,0,1,0,7,1,8,0,0
Streptopelia decaocto,GCA_964273445.1,birds,Birds,34,673,29,298,386869,2235335,3585.07,2601,975,22505,4,20,2,0,3,0,1,0,20,2,7,0,1
Canis lupus familiaris,GCF_011100685.1,mammals,Mammals,39,367,11,634,1026003,4706806,4222.45,2567,842,13427,1,6,0,0,1,0,0,0,6,0,29,0,3
Grus americana,GCF_028858705.1,birds,Birds,41,174,10,123,412999,2397406,7913.9,2561,871,27403,2,6,5,0,2,0,0,0,6,5,28,0,0
Echiichthys vipera,GCA_963691815.1,fish,Ray-finned fishes,26,604,28,3829,344853,1587226,4040.21,2559,522,13379,6,5,1,0,2,0,4,0,5,1,5,0,9
Thunnus maccoyii,GCF_910596095.1,fish,Ray-finned fishes,25,177,26,1140,251974,1555373,2734.31,2542,656,6686,5,7,0,0,3,0,2,0,7,0,7,0,6
Coregonus lavaretus,GCA_964263955.1,fish,Ray-finned fishes,41,5519,28,5071,882610,4093101,4549.61,2532,516,13511,7,8,1,0,1,0,6,0,8,1,16,0,9
Podarcis gaigeae,GCA_964106915.2,reptiles,Lepidosauria,21,879,29,2054,785553,3008098,2948.41,2525,788,7452,11,6,1,0,11,0,0,0,6,1,2,0,1
Rhinolophus hipposideros,GCA_964194185.1,mammals,Mammals,30,1622,34,3610,1127143,4178212,4290.74,2518,534,18582,13,10,1,0,10,0,3,0,10,1,5,0,1
Halichoerus grypus,GCA_964656455.1,mammals,Mammals,17,1130,22,220,1023606,4776961,3168.45,2518,696,9534,7,8,1,0,7,0,0,0,8,1,1,0,0
Apus apus,GCF_020740795.1,birds,Birds,32,220,4,72,368376,2184550,2758.75,2479,2192,3884,0,4,5,0,0,0,0,0,4,5,23,0,0
Bombina bombina,GCF_027579735.1,amphibians,Amphibians,12,6635,10,630494,12025028,19186761,3240.5,2468,855,8303,3,4,0,0,1,0,2,0,4,0,4,0,1
Dibamus cf. smithi,GCA_046126795.1,reptiles,Lepidosauria,20,272,20,766,1083219,4520632,3404.45,2460,835,8875,6,11,1,0,3,0,3,0,11,1,2,0,0
Dermochelys coriacea,GCF_009764565.3,reptiles,Turtles,28,663,15,404,958249,4317085,3802.67,2418,668,10800,4,7,0,0,4,0,0,0,7,0,17,0,0
Zosterops lateralis,GCA_965231275.1,birds,Birds,42,695,34,747,472181,2217616,6799.59,2406,546,99997,2,27,1,0,1,0,1,0,27,1,10,0,2
Chelon labrosus,GCA_963514085.1,fish,Ray-finned fishes,25,580,9,344,186780,1385809,2312.78,2389,706,3877,1,8,1,0,0,0,1,0,8,1,15,0,0
Antennarius maculatus,GCA_013358685.1,fish,Ray-finned fishes,25,187,15,1302,179493,1070361,2758.33,2369,822,6226,4,4,1,0,2,0,2,0,4,1,13,0,3
Balaenoptera physalus,GCA_965194825.1,mammals,Mammals,24,1515,10,39027,1731263,5216116,2570.8,2366,1117,4321,1,8,1,0,1,0,0,0,8,1,14,0,0
Podarcis cretensis,GCA_951804945.1,reptiles,Lepidosauria,20,43,28,3038,758526,3009093,3277.25,2358,559,13386,13,3,1,1,9,1,2,0,3,1,2,0,1
Vanellus vanellus,GCA_965231255.1,birds,Birds,35,920,15,62,409267,2435538,2818.93,2315,510,6411,1,13,1,0,1,0,0,0,13,1,20,0,0
Chelmon rostratus,GCF_017976325.1,fish,Ray-finned fishes,25,60,8,173,159698,1288058,2131.25,2276,1326,2744,1,6,1,0,1,0,0,1,5,1,17,0,0
Falco punctatus,GCA_963210335.1,birds,Birds,24,402,10,7367,556240,2371939,4984.3,2267,511,19484,2,7,1,0,0,0,2,0,7,1,13,0,1
Asterias rubens,GCF_902459465.1,echinoderm,Other Deuterostomes,22,440,16,550,130259,806649,2790.5,2260,1458,6510,2,12,0,0,2,0,0,0,12,0,8,0,0
Trichosurus vulpecula,GCF_011100635.1,mammals,Mammals,11,1655,4,348,1547529,6623132,4169.5,2202,1147,11126,0,4,1,0,0,0,0,0,4,1,6,0,0
Rousettus aegyptiacus,GCF_014176215.1,mammals,Mammals,29,242,1,176,760199,3733721,2137,2137,2137,2137,0,1,9,0,0,0,0,0,1,9,19,0,0
Jaculus jaculus,GCF_020740685.1,mammals,Mammals,26,480,20,463,1121596,5617097,13674,2131,616,96790,4,12,1,0,4,0,0,0,12,1,9,0,0
Tamandua tetradactyla,GCA_023851605.1,mammals,Mammals,29,822,18,2094,1372931,6301556,3563.22,2117,568,10961,3,9,1,0,3,0,0,0,9,1,13,0,3
Podarcis erhardii,GCA_964252035.1,reptiles,Lepidosauria,21,836,24,2336,726503,2969675,2879.67,2090,570,8438,11,5,1,0,8,0,3,0,5,1,4,0,0
Ammodytes marinus,GCA_949987685.1,fish,Ray-finned fishes,26,933,27,455,273914,1485057,2926.15,2087,536,7102,12,3,1,0,2,0,10,0,3,1,5,0,5
Micropterus salmoides,GCA_019677235.1,fish,Ray-finned fishes,23,672,2,463,272671,1722208,2038.5,2038,674,3403,0,2,0,0,0,0,0,0,2,0,21,0,0
Melanotaenia boesemani,GCF_017639745.1,fish,Ray-finned fishes,25,429,1,224,225631,1714961,2036,2036,2036,2036,1,0,2,0,0,0,1,0,0,2,22,0,0
Bombina variegata,GCA_964205295.1,amphibians,Amphibians,13,6541,7,561927,11458664,17182386,3936.29,2025,1199,8137,0,7,1,0,0,0,0,0,7,1,5,0,0
Podarcis muralis,GCA_964188315.1,reptiles,Lepidosauria,21,827,32,2994,827667,3032509,2908.75,2023,963,27293,14,6,1,0,12,0,2,0,6,1,0,0,0
Tautogolabrus adspersus,GCA_020745685.1,fish,Ray-finned fishes,25,281,17,363,216413,1436974,2076,2016,579,4772,8,7,1,0,2,0,6,0,7,1,9,0,0
Acomys russatus,GCF_903995435.1,mammals,Mammals,33,872,2,746,867762,4515652,2007,2007,1926,2088,0,2,0,0,0,0,0,0,2,0,31,0,0
Spermophilus citellus,GCA_964194105.1,mammals,Mammals,21,1432,22,2579,1974778,5899098,2208.09,2005,614,6633,5,10,1,0,4,0,1,0,10,1,4,0,1
Trachurus trachurus,GCA_905171665.2,fish,Ray-finned fishes,25,208,4,182,209671,1581311,2023.5,2004,1493,2593,0,4,1,0,0,0,0,0,4,1,20,0,0
Myotis emarginatus,GCA_965115925.1,mammals,Mammals,23,1538,21,6197,996335,4010529,2608.95,1998,575,8323,3,16,1,0,2,0,1,0,16,1,3,0,0
Balaenoptera musculus,GCF_009873245.2,mammals,Mammals,24,881,2,281,922026,4689280,1985.5,1985,1830,2141,0,2,1,0,0,0,0,0,2,1,21,0,0
Myotis mystacinus,GCA_964094495.2,mammals,Mammals,24,1559,27,6832,994522,4057889,2146.7,1968,610,5764,8,10,1,0,5,0,3,0,10,1,3,0,2
Calypte anna,GCF_003957555.1,birds,Birds,33,380,1,173,371177,2067841,1954,1954,1954,1954,0,1,0,0,0,0,0,0,1,0,32,0,0
Nannobrachium achirus,GCA_963921795.1,fish,Ray-finned fishes,25,2361,8,10002,751145,3222728,3724.38,1936,533,10847,2,3,1,0,0,0,2,0,3,1,16,0,3
Neoarius graeffei,GCF_027579695.1,fish,Ray-finned fishes,28,334,30,1963,781728,4653244,1863.1,1935,732,2695,12,9,0,0,8,0,4,0,9,0,7,0,0
Diretmus argenteus,GCA_048569125.1,fish,Ray-finned fishes,24,2708,38,2848,472682,2087481,2191.21,1911,501,7297,4,1,0,0,2,0,2,0,1,0,2,0,17
Bufo bufo,GCF_905171765.1,amphibians,Amphibians,11,4139,8,9152,2607043,9959507,2991.88,1901,1092,7694,0,8,0,0,0,0,0,0,8,0,3,0,0
Geotrypetes seraphini,GCF_902459505.1,amphibians,Amphibians,20,424,11,773,1871568,7536000,2664.36,1895,824,7924,1,9,1,0,1,0,0,0,9,1,9,0,0
Mastacembelus armatus,GCF_900324485.2,fish,Ray-finned fishes,25,196,4,299,173933,1121913,2508.75,1861,938,5374,0,3,1,0,0,0,0,0,3,1,20,0,1
Engystomops pustulosus,GCF_040894005.1,amphibians,Amphibians,11,411,6,1443,873698,4130256,3597.67,1844,1496,10591,0,6,0,0,0,0,0,0,6,0,5,0,0
Lutra lutra,GCF_902655055.1,mammals,Mammals,21,176,14,307,1025636,4859940,2916.79,1812,572,8516,0,14,1,0,0,0,0,0,14,1,6,0,0
Salmo trutta,GCA_901001165.2,fish,Ray-finned fishes,40,2954,32,6757,908469,4205015,1922.84,1799,600,6760,4,8,0,0,1,0,3,0,8,0,15,0,13
Polymixia cf. hollisterae,GCA_048537225.1,fish,Ray-finned fishes,23,445,28,1826,290382,1308079,2382.07,1793,506,6095,9,6,0,0,6,0,3,0,6,0,3,0,5
Pollachius pollachius,GCA_949987615.1,fish,Ray-finned fishes,21,1796,16,2040,261464,1160181,5455.31,1793,501,16742,6,0,1,0,3,0,3,0,0,1,10,0,4
Argentina silus,GCA_951799395.1,fish,Ray-finned fishes,25,1691,41,2858,435920,1236999,3980.56,1770,528,20570,7,1,1,0,3,0,4,0,1,1,0,0,16
Cariama cristata,GCA_009819825.1,birds,Birds,53,168,3,89,388706,2380617,3175.33,1723,940,6863,0,3,3,0,0,0,0,1,2,3,47,0,0
Pagrus pagrus,GCA_965226575.1,fish,Ray-finned fishes,25,536,11,5590,266731,1531731,3745.55,1704,674,12519,1,10,1,0,0,0,1,0,10,1,13,0,0
Bos indicus x Bos taurus,GCF_003369695.1,mammals,Mammals,30,272,3,268,891938,5247925,1973.33,1668,1386,2866,0,3,0,0,0,0,0,0,3,0,27,0,0
Scyliorhinus canicula,GCF_902713615.1,sharks,Cartilaginous fishes,32,6752,9,2002,1418536,8129492,2925.78,1639,532,7963,2,5,1,0,0,0,2,0,5,1,22,0,2
Sebastes fasciatus,GCA_043250625.1,fish,Ray-finned fishes,24,439,14,1053,291026,1649891,1747.71,1634,546,4055,2,7,0,0,2,0,0,0,7,0,12,0,3
Erethizon dorsatum,GCA_028451465.1,mammals,Mammals,23,268,8,819,968410,4848561,2109.12,1609,701,6301,1,4,2,0,0,0,1,0,4,2,14,0,2
Acanthopagrus latus,GCF_904848185.1,fish,Ray-finned fishes,25,149,14,233,173663,1361399,1580.64,1608,682,2736,3,8,1,0,3,0,0,0,8,1,13,0,0
Microcaecilia unicolor,GCA_901765095.2,amphibians,Amphibians,14,2332,2,801,2085307,9005859,1595,1595,1251,1939,0,2,0,0,0,0,0,0,2,0,12,0,0
Callospermophilus lateralis,GCA_048772815.1,mammals,Mammals,22,602,14,9432,1689955,5340127,2254.07,1515,795,6615,2,9,0,0,2,0,0,0,9,0,10,0,1
Podarcis filfolensis,GCA_964270895.1,reptiles,Lepidosauria,21,868,26,4319,767891,2974713,2082.92,1508,509,8819,9,8,1,0,8,0,1,0,8,1,2,0,1
Pluvialis apricaria,GCA_017639485.1,birds,Birds,39,251,3,74,409463,2466610,5530,1489,851,14250,0,3,3,0,0,0,0,1,2,3,33,0,0
Hemiprocne comata,GCA_020745705.1,birds,Birds,32,203,2,89,385335,2301141,1489.5,1489,1011,1968,0,1,5,0,0,0,0,0,1,5,25,0,1
Takifugu rubripes,GCF_901000725.2,fish,Ray-finned fishes,23,356,38,796,202200,733428,1669,1440,821,4992,14,0,1,0,8,0,6,0,0,1,2,0,6
Sciurus vulgaris,GCA_902686455.2,mammals,Mammals,22,732,14,7089,1216174,5263790,1488.93,1424,579,3067,1,12,1,0,1,0,0,0,12,1,8,0,0
Girardinichthys multiradiatus,GCF_021462225.1,fish,Ray-finned fishes,25,388,18,577,374593,2279604,1665.89,1385,577,3718,8,8,0,0,2,0,6,0,8,0,9,0,0
Pipistrellus hanaki,GCA_964339955.1,mammals,Mammals,23,281,17,6954,858729,3676989,1943.06,1330,526,7359,1,10,0,0,1,0,0,0,10,0,9,0,3
Acanthisitta chloris,GCA_016904835.1,birds,Birds,39,142,7,462,389970,2065587,2133,1318,500,6191,1,4,3,0,0,1,0,0,4,3,29,0,2
Symphodus melops,GCA_947650265.1,fish,Ray-finned fishes,24,1372,28,502,183512,1250556,4267.14,1317,516,16966,9,3,1,0,4,0,5,0,3,1,3,0,8
Oenanthe melanoleuca,GCF_029582105.1,birds,Birds,31,469,6,546,365502,2013599,2321.83,1287,524,6044,0,4,0,0,0,0,0,0,4,0,26,0,1
Ctenodactylus gundi,GCA_048771875.1,mammals,Mammals,20,108,16,896,875423,4222417,1916.81,1279,517,5470,10,4,0,0,0,0,10,0,4,0,5,0,1
Chiroxiphia lanceolata,GCF_009829145.1,birds,Birds,35,177,6,280,376307,2157620,2370.67,1266,798,7232,1,5,6,0,0,0,1,0,5,6,23,0,0
Hyperoplus immaculatus,GCA_949357725.1,fish,Ray-finned fishes,25,1013,31,622,263154,1454213,1409.61,1229,595,3026,5,2,1,0,2,0,3,0,2,1,2,0,15
Blennius ocellaris,GCA_963422515.1,fish,Ray-finned fishes,25,1530,14,493,152627,1352536,3294.36,1204,530,9472,4,4,1,0,2,0,2,0,4,1,13,0,3
Branchiostoma floridae x Branchiostoma japonicum,GCA_015852565.1,invertebrate,Other Deuterostomes,19,125,6,2982,187038,960323,1991.17,1203,853,4042,0,4,0,0,0,0,0,0,4,0,14,0,1
Electrona antarctica,GCA_951216825.1,fish,Ray-finned fishes,25,2867,5,2652,430096,2522427,3568.8,1198,794,7698,1,2,1,0,0,0,1,0,2,1,19,0,2
Sphaeramia orbicularis,GCF_902148855.1,fish,Ray-finned fishes,23,1580,12,2122,421011,2583650,2081.08,1196,612,7379,4,1,0,0,1,0,3,0,1,0,13,0,5
Sciurus carolinensis,GCF_902686445.1,mammals,Mammals,21,695,8,3904,1159670,5113867,1344,1167,625,2650,0,8,0,0,0,0,0,0,8,0,13,0,0
Phaethon aethereus,GCA_964289735.1,birds,Birds,41,1266,13,248,408293,2506575,1533,1146,623,3904,2,10,1,0,1,0,1,0,10,1,28,0,0
Podarcis pityusensis,GCA_964106645.2,reptiles,Lepidosauria,21,1505,17,676,673342,2999033,1684.41,1142,534,4752,3,9,1,0,2,0,1,0,9,1,7,0,1
Notolepis coatsorum,GCA_963971535.1,fish,Ray-finned fishes,21,14032,8,5985,1218038,6249135,1665,1094,520,5379,2,3,1,0,0,0,2,0,3,1,13,0,2
Rana temporaria,GCF_905171775.1,amphibians,Amphibians,13,1759,17,6624,1914402,8030741,1346.65,1091,515,2664,4,4,0,0,1,0,3,0,4,0,1,0,4
Betta splendens,GCF_900634795.4,fish,Ray-finned fishes,22,315,3,43,104758,850736,944.333,1089,510,1234,0,3,1,0,0,0,0,0,3,1,18,0,0
Borostomias antarcticus,GCA_949987555.1,fish,Ray-finned fishes,38,2487,39,3383,363755,1584014,4282.23,1084,511,18779,10,10,1,0,7,0,3,0,10,1,11,0,6
Lacerta agilis,GCF_009819535.1,reptiles,Lepidosauria,21,376,9,243,595388,2775190,3073,1065,546,9570,0,8,1,0,0,0,0,0,8,1,11,0,1
Thamnophis elegans,GCF_009769535.1,reptiles,Lepidosauria,18,1393,27,12904,769284,3213973,1378.04,1021,512,3491,8,3,0,0,5,0,3,0,3,0,1,0,6
Macrotis lagotis,GCA_037893015.1,mammals,Mammals,10,4431,3,371,1639055,6963306,21564.7,981,804,62909,2,1,1,0,0,0,2,0,1,1,6,0,0
Lepidogalaxias salamandroides,GCA_049190665.1,fish,Ray-finned fishes,20,1314,33,4976,368569,1198469,1603.15,965,526,5755,12,0,0,0,5,0,7,0,0,0,0,0,8
Ascaphus truei,GCA_040206685.1,amphibians,Amphibians,23,5693,3,6076,1510408,6566779,2463.33,924,511,5955,0,2,0,0,0,0,0,0,2,0,20,0,1
Hyla sarda,GCF_029499605.1,amphibians,Amphibians,13,2109,4,8307,1860713,7493994,4953.5,922,556,17413,1,2,0,0,0,0,1,0,2,0,10,0,0
Erithacus rubecula,GCA_903797595.2,birds,Birds,33,435,6,310,335970,1908152,1082.33,887,596,2342,0,5,0,0,0,0,0,0,5,0,27,0,1
Sparus aurata,GCF_900880675.1,fish,Ray-finned fishes,25,1002,1,293,214514,1635892,820,820,820,820,0,1,1,0,0,0,0,0,1,1,23,0,0
Micromesistius poutassou,GCA_964030765.1,fish,Ray-finned fishes,26,3005,25,1028,228312,920609,3181.52,818,534,13242,4,5,1,0,3,0,1,0,5,1,8,0,8
Globicephala melas,GCF_963455315.2,mammals,Mammals,23,1082,2,579,1456553,4726469,814.5,814,554,1075,0,2,0,0,0,0,0,0,2,0,21,0,0
Gouania willdenowi,GCF_900634775.1,fish,Ray-finned fishes,23,805,5,2550,345069,1720163,2761.6,804,614,7131,2,3,0,0,0,0,2,0,3,0,18,0,0
Myripristis murdjan,GCF_902150065.1,fish,Ray-finned fishes,24,243,15,1270,273484,1659202,1180.6,774,563,2533,4,8,0,0,0,0,4,0,8,0,10,0,2
Echeneis naucrates,GCF_900963305.1,fish,Ray-finned fishes,25,137,15,318,158932,1079146,1189.87,764,513,3697,6,8,1,0,0,0,6,0,8,1,9,0,1
Anabas testudineus,GCF_900324465.2,fish,Ray-finned fishes,24,266,9,239,149813,1101136,2394.33,763,522,8717,1,7,1,0,0,0,1,0,7,1,14,0,1
Xenentodon cancila,GCA_014839995.1,fish,Ray-finned fishes,25,1294,10,272,176094,1404532,1044.5,738,505,3015,2,5,1,0,2,0,0,0,5,1,16,0,1
Pipistrellus pipistrellus,GCA_903992545.1,mammals,Mammals,23,1457,7,5962,815456,3481694,1188,719,528,4299,1,2,1,0,0,0,1,0,2,1,15,0,4
Dromiciops gliroides,GCF_019393635.1,mammals,Mammals,7,254,5,383,1503461,6598931,980.8,702,502,1768,1,3,0,0,1,0,0,0,3,0,3,0,0
Anableps anableps,GCA_014839685.1,fish,Ray-finned fishes,25,105,7,154,285966,1734067,688.429,677,519,895,1,6,1,0,0,0,1,1,5,1,17,0,0
Pipistrellus kuhlii,GCF_014108245.1,mammals,Mammals,202,394,11,5761,811809,3526665,1439.64,671,533,6026,0,7,106,0,0,0,0,3,4,106,85,2,2
Hyperolius riggenbachi,GCF_040937935.1,amphibians,Amphibians,12,3027,3,22817,2736806,9713202,3568.67,655,544,9507,1,2,0,0,0,0,1,0,2,0,9,0,0
Myxine glutinosa,GCA_964187855.1,otherChordates,Cyclostomes,15,4403,11,6805,756211,5323674,1752.73,646,528,12272,2,6,1,0,1,0,1,0,6,1,4,0,2
Streptopelia turtur,GCA_901699155.2,birds,Birds,31,783,3,118,359853,2220557,630.333,572,505,814,0,1,1,0,0,0,0,0,1,1,27,0,2
Archocentrus centrarchus,GCF_007364275.1,fish,Ray-finned fishes,24,593,4,479,233870,1615116,729.25,553,532,1279,0,4,0,0,0,0,0,0,4,0,20,0,0
Choloepus didactylus,GCF_015220235.1,mammals,Mammals,30,1056,1,871,1300859,6110667,507,507,507,507,0,1,0,0,0,0,0,0,1,0,29,0,0
Monodon monoceros,GCA_005190385.3,mammals,Mammals,0,0,0,0,0,0,0,0,0,0,0,0,0,0,0,0,0,0,0,0,0,0,0
Alca torda,GCA_008658365.1,birds,Birds,27,197,0,105,388494,2336591,0,0,0,0,0,0,2,0,0,0,0,0,0,2,25,0,0
Geothlypis trichas,GCA_009764595.1,birds,Birds,34,1332,0,251,368327,2099211,0,0,0,0,0,0,0,0,0,0,0,0,0,0,34,0,0
Merops nubicus,GCA_009819595.1,birds,Birds,37,246,0,111,390639,2275037,0,0,0,0,0,0,3,0,0,0,0,0,0,3,34,0,0
Lycocorax pyrrhopterus obiensis,GCA_014706295.1,birds,Birds,1695,1602,0,265,413678,2202385,0,0,0,0,0,0,1632,0,0,0,0,0,0,1632,63,0,0
Shinisaurus crocodilurus,GCA_021292165.1,reptiles,Lepidosauria,16,847,0,280,818695,3959385,0,0,0,0,0,0,0,0,0,0,0,0,0,0,16,0,0
Corynorhinus townsendii,GCA_026230055.1,mammals,Mammals,0,0,0,0,0,0,0,0,0,0,0,0,0,0,0,0,0,0,0,0,0,0,0
Pleurodeles waltl,GCA_026652325.1,amphibians,Amphibians,17,893,0,46928,10104244,40442056,0,0,0,0,0,0,1,0,0,0,0,0,0,1,16,0,0
Sternotherus odoratus,GCA_032164245.1,reptiles,Turtles,0,0,0,0,0,0,0,0,0,0,0,0,0,0,0,0,0,0,0,0,0,0,0
Salvelinus alpinus oquassa,GCA_036784965.1,fish,Ray-finned fishes,0,0,0,0,0,0,0,0,0,0,0,0,0,0,0,0,0,0,0,0,0,0,0
Rhinophrynus dorsalis,GCA_037306005.1,amphibians,Amphibians,12,1910,0,7772,1904302,9366644,0,0,0,0,0,0,1,0,0,0,0,0,0,1,11,0,0
Triturus cristatus,GCA_964204655.1,amphibians,Amphibians,18,4580,0,194308,12073782,44099477,0,0,0,0,0,0,1,0,0,0,0,0,0,1,17,0,0
Lissotriton helveticus,GCA_964261635.1,amphibians,Amphibians,17,5204,0,72452,10778546,45699565,0,0,0,0,0,0,0,0,0,0,0,0,0,0,17,0,0
Lissotriton vulgaris,GCA_964263255.1,amphibians,Amphibians,16,4024,0,75681,10043365,42550302,0,0,0,0,0,0,0,0,0,0,0,0,0,0,16,0,0
Phyllostomus discolor,GCF_004126475.2,mammals,Mammals,17,863,0,216,809988,4177788,0,0,0,0,0,0,0,0,0,0,0,0,0,0,17,0,0
Myotis myotis,GCF_014108235.1,mammals,Mammals,0,0,0,0,0,0,0,0,0,0,0,0,0,0,0,0,0,0,0,0,0,0,0
Hirundo rustica,GCF_015227805.1,birds,Birds,39,942,0,177,371477,2113092,0,0,0,0,0,0,1,0,0,0,0,0,0,1,38,0,0
Aquila chrysaetos chrysaetos,GCF_900496995.4,birds,Birds,28,133,0,66,395369,2396286,0,0,0,0,0,0,3,0,0,0,0,0,0,3,25,0,0
Cottoperca gobio,GCF_900634415.1,fish,Ray-finned fishes,24,334,0,448,154214,1144840,0,0,0,0,0,0,0,0,0,0,0,0,0,0,24,0,0
Denticeps clupeoides,GCF_900700375.1,fish,Ray-finned fishes,20,348,0,125,154603,1026008,0,0,0,0,0,0,0,0,0,0,0,0,0,0,20,0,0
Erpetoichthys calabaricus,GCF_900747795.2,fish,Ray-finned fishes,19,1344,0,819,1199270,7122695,0,0,0,0,0,0,1,0,0,0,0,0,0,1,18,0,0
Scleropages formosus,GCF_900964775.1,fish,Ray-finned fishes,26,134,0,1027,251003,1555893,0,0,0,0,0,0,1,0,0,0,0,0,0,1,25,0,0
Rhinatrema bivittatum,GCF_901001135.1,amphibians,Amphibians,20,3257,0,5151,2588603,10290180,0,0,0,0,0,0,1,0,0,0,0,0,0,1,19,0,0
Thalassophryne amazonica,GCF_902500255.1,fish,Ray-finned fishes,23,2387,0,1511,816986,4769158,0,0,0,0,0,0,0,0,0,0,0,0,0,0,23,0,0
Arvicola amphibius,GCF_903992535.2,mammals,Mammals,18,827,0,676,909895,4557206,0,0,0,0,0,0,0,0,0,0,0,0,0,0,18,0,0
